{
  "count": 2,
  "value": [
    {
      "id": 780,
      "rev": 3,
      "fields": {
        "System.AreaPath": "$ProjectName$",
        "System.TeamProject": "$ProjectName$",
        "System.IterationPath": "$ProjectName$",
        "System.WorkItemType": "Bug",
        "System.State": "Approved",
        "System.Reason": "Approved by the Product Owner",
        "System.CreatedDate": "2019-09-27T14:56:32.393Z",
        "System.CreatedBy": "David Martinez <david.martinez@endava.com>",
        "System.ChangedDate": "2019-09-27T14:56:42.92Z",
        "System.ChangedBy": "David Martinez <david.martinez@endava.com>",
        "System.Title": "Decline in orders noticed - Please Investigate immediately",
        "Microsoft.VSTS.Scheduling.Effort": 0.0,
        "System.Description": "Decline in orders noticed - Please Investigate immediately",
        "System.AssignedTo": null,
        "Microsoft.VSTS.Scheduling.RemainingWork": 0.0,
        "Microsoft.VSTS.Common.Priority": 1.0,
        "System.BoardLane": "Expedite",
        "System.Tags": null,
        "Microsoft.VSTS.TCM.Steps": null,
        "Microsoft.VSTS.TCM.Parameters": null,
        "Microsoft.VSTS.TCM.LocalDataSource": null,
        "Microsoft.VSTS.TCM.AutomationStatus": null,
        "System.History": null
      },
      "relations": [
        {
          "rel": "ArtifactLink",
          "url": "vstfs:///Git/PullRequestId/fd449ca4-82e8-4f47-8f55-08ce1aca06a6%2F219a06ff-6f1e-4e6e-8cbf-8d260df91fdb%2F6",
          "attributes": {
            "authorizedDate": "2019-09-27T14:56:42.92Z",
            "id": "3495241",
            "resourceCreatedDate": "2019-09-27T14:56:42.92Z",
            "resourceModifiedDate": "2019-09-27T14:56:42.92Z",
            "revisedDate": "9999-01-01T00:00:00Z",
            "name": "Pull Request"
          }
        },
        {
          "rel": "AttachedFile",
          "url": "https://dev.azure.com/damartinez0850/_apis/wit/attachments/96aabfea-5d6e-4d85-8390-f539c43be294",
          "attributes": {
            "authorizedDate": "2019-09-27T14:56:42.66Z",
            "id": "3495240",
            "resourceCreatedDate": "2019-09-27T14:56:42.66Z",
            "resourceModifiedDate": "2019-09-27T14:56:42.66Z",
            "revisedDate": "9999-01-01T00:00:00Z",
            "name": "appInsights.png"
          }
        }
      ],
      "url": "https://dev.azure.com/damartinez0850/_apis/wit/workItems/780"
    },
    {
      "id": 779,
      "rev": 1,
      "fields": {
        "System.AreaPath": "$ProjectName$",
        "System.TeamProject": "$ProjectName$",
        "System.IterationPath": "$ProjectName$\\Sprint 3",
        "System.WorkItemType": "Bug",
        "System.State": "New",
        "System.Reason": "New defect reported",
        "System.CreatedDate": "2019-09-27T14:56:32.13Z",
        "System.CreatedBy": "David Martinez <david.martinez@endava.com>",
        "System.ChangedDate": "2019-09-27T14:56:32.13Z",
        "System.ChangedBy": "David Martinez <david.martinez@endava.com>",
        "System.Title": "Sel_IE_Navigate Failed in 2488",
        "Microsoft.VSTS.Scheduling.Effort": 0.0,
        "System.Description": "Sel_IE_Navigate Failed in 2488",
        "System.AssignedTo": null,
        "Microsoft.VSTS.Scheduling.RemainingWork": 0.0,
        "Microsoft.VSTS.Common.Priority": 2.0,
        "System.BoardLane": null,
        "System.Tags": null,
        "Microsoft.VSTS.TCM.Steps": null,
        "Microsoft.VSTS.TCM.Parameters": null,
        "Microsoft.VSTS.TCM.LocalDataSource": null,
        "Microsoft.VSTS.TCM.AutomationStatus": null,
        "System.History": null
      },
      "relations": [
        {
          "rel": "System.LinkTypes.Hierarchy-Reverse",
          "url": "https://dev.azure.com/damartinez0850/_apis/wit/workItems/647",
          "attributes": {
            "isLocked": "false",
            "comment": "Making a new link for the dependency",
            "name": "Parent"
          }
        }
      ],
      "url": "https://dev.azure.com/damartinez0850/_apis/wit/workItems/779"
    }
  ],
  "HttpStatusCode": 0,
  "Message": null
}