{
  "count": 16,
  "value": [
    {
      "id": 796,
      "rev": 2,
      "fields": {
        "System.AreaPath": "$ProjectName$",
        "System.TeamProject": "$ProjectName$",
        "System.IterationPath": "$ProjectName$",
        "System.WorkItemType": "Epic",
        "System.State": "New",
        "System.Reason": "New epic",
        "System.CreatedDate": "2019-09-27T14:56:37Z",
        "System.CreatedBy": "David Martinez <david.martinez@endava.com>",
        "System.ChangedDate": "2019-09-27T15:03:28.06Z",
        "System.ChangedBy": "David Martinez <david.martinez@endava.com>",
        "System.Title": "Payment",
        "Microsoft.VSTS.Scheduling.Effort": 0.0,
        "System.Description": "Payment",
        "System.AssignedTo": null,
        "Microsoft.VSTS.Scheduling.RemainingWork": 0.0,
        "Microsoft.VSTS.Common.Priority": 2.0,
        "System.BoardLane": null,
        "System.Tags": null,
        "Microsoft.VSTS.TCM.Steps": null,
        "Microsoft.VSTS.TCM.Parameters": null,
        "Microsoft.VSTS.TCM.LocalDataSource": null,
        "Microsoft.VSTS.TCM.AutomationStatus": null,
        "System.History": null
      },
      "relations": [
        {
          "rel": "System.LinkTypes.Hierarchy-Forward",
          "url": "https://dev.azure.com/damartinez0850/_apis/wit/workItems/660",
          "attributes": {
            "isLocked": "false",
            "comment": "Making a new link for the dependency",
            "name": "Child"
          }
        }
      ],
      "url": "https://dev.azure.com/damartinez0850/_apis/wit/workItems/796"
    },
    {
      "id": 795,
      "rev": 2,
      "fields": {
        "System.AreaPath": "$ProjectName$",
        "System.TeamProject": "$ProjectName$",
        "System.IterationPath": "$ProjectName$",
        "System.WorkItemType": "Epic",
        "System.State": "New",
        "System.Reason": "New epic",
        "System.CreatedDate": "2019-09-27T14:56:36.743Z",
        "System.CreatedBy": "David Martinez <david.martinez@endava.com>",
        "System.ChangedDate": "2019-09-27T15:03:28.06Z",
        "System.ChangedBy": "David Martinez <david.martinez@endava.com>",
        "System.Title": "Product Catalog",
        "Microsoft.VSTS.Scheduling.Effort": 0.0,
        "System.Description": "Product Catalog",
        "System.AssignedTo": null,
        "Microsoft.VSTS.Scheduling.RemainingWork": 0.0,
        "Microsoft.VSTS.Common.Priority": 2.0,
        "System.BoardLane": null,
        "System.Tags": null,
        "Microsoft.VSTS.TCM.Steps": null,
        "Microsoft.VSTS.TCM.Parameters": null,
        "Microsoft.VSTS.TCM.LocalDataSource": null,
        "Microsoft.VSTS.TCM.AutomationStatus": null,
        "System.History": null
      },
      "relations": [
        {
          "rel": "System.LinkTypes.Hierarchy-Forward",
          "url": "https://dev.azure.com/damartinez0850/_apis/wit/workItems/658",
          "attributes": {
            "isLocked": "false",
            "comment": "Making a new link for the dependency",
            "name": "Child"
          }
        }
      ],
      "url": "https://dev.azure.com/damartinez0850/_apis/wit/workItems/795"
    },
    {
      "id": 794,
      "rev": 2,
      "fields": {
        "System.AreaPath": "$ProjectName$",
        "System.TeamProject": "$ProjectName$",
        "System.IterationPath": "$ProjectName$",
        "System.WorkItemType": "Epic",
        "System.State": "New",
        "System.Reason": "New epic",
        "System.CreatedDate": "2019-09-27T14:56:36.457Z",
        "System.CreatedBy": "David Martinez <david.martinez@endava.com>",
        "System.ChangedDate": "2019-09-27T15:03:28.06Z",
        "System.ChangedBy": "David Martinez <david.martinez@endava.com>",
        "System.Title": "Customer Service",
        "Microsoft.VSTS.Scheduling.Effort": 0.0,
        "System.Description": "Customer Service",
        "System.AssignedTo": null,
        "Microsoft.VSTS.Scheduling.RemainingWork": 0.0,
        "Microsoft.VSTS.Common.Priority": 2.0,
        "System.BoardLane": null,
        "System.Tags": null,
        "Microsoft.VSTS.TCM.Steps": null,
        "Microsoft.VSTS.TCM.Parameters": null,
        "Microsoft.VSTS.TCM.LocalDataSource": null,
        "Microsoft.VSTS.TCM.AutomationStatus": null,
        "System.History": null
      },
      "relations": [
        {
          "rel": "System.LinkTypes.Hierarchy-Forward",
          "url": "https://dev.azure.com/damartinez0850/_apis/wit/workItems/649",
          "attributes": {
            "isLocked": "false",
            "comment": "Making a new link for the dependency",
            "name": "Child"
          }
        },
        {
          "rel": "System.LinkTypes.Hierarchy-Forward",
          "url": "https://dev.azure.com/damartinez0850/_apis/wit/workItems/646",
          "attributes": {
            "isLocked": "false",
            "comment": "Making a new link for the dependency",
            "name": "Child"
          }
        }
      ],
      "url": "https://dev.azure.com/damartinez0850/_apis/wit/workItems/794"
    },
    {
      "id": 793,
      "rev": 2,
      "fields": {
        "System.AreaPath": "$ProjectName$",
        "System.TeamProject": "$ProjectName$",
        "System.IterationPath": "$ProjectName$",
        "System.WorkItemType": "Epic",
        "System.State": "New",
        "System.Reason": "New epic",
        "System.CreatedDate": "2019-09-27T14:56:36.183Z",
        "System.CreatedBy": "David Martinez <david.martinez@endava.com>",
        "System.ChangedDate": "2019-09-27T15:03:28.06Z",
        "System.ChangedBy": "David Martinez <david.martinez@endava.com>",
        "System.Title": "Membership and Rewards Program",
        "Microsoft.VSTS.Scheduling.Effort": 0.0,
        "System.Description": "Membership and Rewards Program",
        "System.AssignedTo": null,
        "Microsoft.VSTS.Scheduling.RemainingWork": 0.0,
        "Microsoft.VSTS.Common.Priority": 2.0,
        "System.BoardLane": null,
        "System.Tags": null,
        "Microsoft.VSTS.TCM.Steps": null,
        "Microsoft.VSTS.TCM.Parameters": null,
        "Microsoft.VSTS.TCM.LocalDataSource": null,
        "Microsoft.VSTS.TCM.AutomationStatus": null,
        "System.History": null
      },
      "relations": [
        {
          "rel": "System.LinkTypes.Hierarchy-Forward",
          "url": "https://dev.azure.com/damartinez0850/_apis/wit/workItems/644",
          "attributes": {
            "isLocked": "false",
            "comment": "Making a new link for the dependency",
            "name": "Child"
          }
        },
        {
          "rel": "System.LinkTypes.Hierarchy-Forward",
          "url": "https://dev.azure.com/damartinez0850/_apis/wit/workItems/645",
          "attributes": {
            "isLocked": "false",
            "comment": "Making a new link for the dependency",
            "name": "Child"
          }
        }
      ],
      "url": "https://dev.azure.com/damartinez0850/_apis/wit/workItems/793"
    },
    {
      "id": 792,
      "rev": 2,
      "fields": {
        "System.AreaPath": "$ProjectName$",
        "System.TeamProject": "$ProjectName$",
        "System.IterationPath": "$ProjectName$",
        "System.WorkItemType": "Epic",
        "System.State": "New",
        "System.Reason": "New epic",
        "System.CreatedDate": "2019-09-27T14:56:35.897Z",
        "System.CreatedBy": "David Martinez <david.martinez@endava.com>",
        "System.ChangedDate": "2019-09-27T15:03:28.06Z",
        "System.ChangedBy": "David Martinez <david.martinez@endava.com>",
        "System.Title": "Notification",
        "Microsoft.VSTS.Scheduling.Effort": 0.0,
        "System.Description": "Notification",
        "System.AssignedTo": null,
        "Microsoft.VSTS.Scheduling.RemainingWork": 0.0,
        "Microsoft.VSTS.Common.Priority": 2.0,
        "System.BoardLane": null,
        "System.Tags": null,
        "Microsoft.VSTS.TCM.Steps": null,
        "Microsoft.VSTS.TCM.Parameters": null,
        "Microsoft.VSTS.TCM.LocalDataSource": null,
        "Microsoft.VSTS.TCM.AutomationStatus": null,
        "System.History": null
      },
      "relations": [
        {
          "rel": "System.LinkTypes.Hierarchy-Forward",
          "url": "https://dev.azure.com/damartinez0850/_apis/wit/workItems/656",
          "attributes": {
            "isLocked": "false",
            "comment": "Making a new link for the dependency",
            "name": "Child"
          }
        }
      ],
      "url": "https://dev.azure.com/damartinez0850/_apis/wit/workItems/792"
    },
    {
      "id": 791,
      "rev": 2,
      "fields": {
        "System.AreaPath": "$ProjectName$",
        "System.TeamProject": "$ProjectName$",
        "System.IterationPath": "$ProjectName$",
        "System.WorkItemType": "Epic",
        "System.State": "New",
        "System.Reason": "New epic",
        "System.CreatedDate": "2019-09-27T14:56:35.64Z",
        "System.CreatedBy": "David Martinez <david.martinez@endava.com>",
        "System.ChangedDate": "2019-09-27T15:03:28.06Z",
        "System.ChangedBy": "David Martinez <david.martinez@endava.com>",
        "System.Title": "Promotion and Rewards",
        "Microsoft.VSTS.Scheduling.Effort": 0.0,
        "System.Description": "Promotion and Rewards",
        "System.AssignedTo": null,
        "Microsoft.VSTS.Scheduling.RemainingWork": 0.0,
        "Microsoft.VSTS.Common.Priority": 2.0,
        "System.BoardLane": null,
        "System.Tags": null,
        "Microsoft.VSTS.TCM.Steps": null,
        "Microsoft.VSTS.TCM.Parameters": null,
        "Microsoft.VSTS.TCM.LocalDataSource": null,
        "Microsoft.VSTS.TCM.AutomationStatus": null,
        "System.History": null
      },
      "relations": [
        {
          "rel": "System.LinkTypes.Hierarchy-Forward",
          "url": "https://dev.azure.com/damartinez0850/_apis/wit/workItems/655",
          "attributes": {
            "isLocked": "false",
            "comment": "Making a new link for the dependency",
            "name": "Child"
          }
        },
        {
          "rel": "System.LinkTypes.Hierarchy-Forward",
          "url": "https://dev.azure.com/damartinez0850/_apis/wit/workItems/659",
          "attributes": {
            "isLocked": "false",
            "comment": "Making a new link for the dependency",
            "name": "Child"
          }
        }
      ],
      "url": "https://dev.azure.com/damartinez0850/_apis/wit/workItems/791"
    },
    {
      "id": 790,
      "rev": 2,
      "fields": {
        "System.AreaPath": "$ProjectName$",
        "System.TeamProject": "$ProjectName$",
        "System.IterationPath": "$ProjectName$",
        "System.WorkItemType": "Epic",
        "System.State": "New",
        "System.Reason": "New epic",
        "System.CreatedDate": "2019-09-27T14:56:35.38Z",
        "System.CreatedBy": "David Martinez <david.martinez@endava.com>",
        "System.ChangedDate": "2019-09-27T15:03:28.06Z",
        "System.ChangedBy": "David Martinez <david.martinez@endava.com>",
        "System.Title": "Product reviews and ratings",
        "Microsoft.VSTS.Scheduling.Effort": 0.0,
        "System.Description": "Product reviews and ratings",
        "System.AssignedTo": null,
        "Microsoft.VSTS.Scheduling.RemainingWork": 0.0,
        "Microsoft.VSTS.Common.Priority": 2.0,
        "System.BoardLane": null,
        "System.Tags": null,
        "Microsoft.VSTS.TCM.Steps": null,
        "Microsoft.VSTS.TCM.Parameters": null,
        "Microsoft.VSTS.TCM.LocalDataSource": null,
        "Microsoft.VSTS.TCM.AutomationStatus": null,
        "System.History": null
      },
      "relations": [
        {
          "rel": "System.LinkTypes.Hierarchy-Forward",
          "url": "https://dev.azure.com/damartinez0850/_apis/wit/workItems/647",
          "attributes": {
            "isLocked": "false",
            "comment": "Making a new link for the dependency",
            "name": "Child"
          }
        },
        {
          "rel": "System.LinkTypes.Hierarchy-Forward",
          "url": "https://dev.azure.com/damartinez0850/_apis/wit/workItems/648",
          "attributes": {
            "isLocked": "false",
            "comment": "Making a new link for the dependency",
            "name": "Child"
          }
        }
      ],
      "url": "https://dev.azure.com/damartinez0850/_apis/wit/workItems/790"
    },
    {
      "id": 789,
      "rev": 2,
      "fields": {
        "System.AreaPath": "$ProjectName$",
        "System.TeamProject": "$ProjectName$",
        "System.IterationPath": "$ProjectName$",
        "System.WorkItemType": "Epic",
        "System.State": "New",
        "System.Reason": "New epic",
        "System.CreatedDate": "2019-09-27T14:56:35.12Z",
        "System.CreatedBy": "David Martinez <david.martinez@endava.com>",
        "System.ChangedDate": "2019-09-27T15:03:28.06Z",
        "System.ChangedBy": "David Martinez <david.martinez@endava.com>",
        "System.Title": "Online tracking of shipments",
        "Microsoft.VSTS.Scheduling.Effort": 0.0,
        "System.Description": "Online tracking of shipments",
        "System.AssignedTo": null,
        "Microsoft.VSTS.Scheduling.RemainingWork": 0.0,
        "Microsoft.VSTS.Common.Priority": 2.0,
        "System.BoardLane": null,
        "System.Tags": null,
        "Microsoft.VSTS.TCM.Steps": null,
        "Microsoft.VSTS.TCM.Parameters": null,
        "Microsoft.VSTS.TCM.LocalDataSource": null,
        "Microsoft.VSTS.TCM.AutomationStatus": null,
        "System.History": null
      },
      "relations": [
        {
          "rel": "System.LinkTypes.Hierarchy-Forward",
          "url": "https://dev.azure.com/damartinez0850/_apis/wit/workItems/654",
          "attributes": {
            "isLocked": "false",
            "comment": "Making a new link for the dependency",
            "name": "Child"
          }
        },
        {
          "rel": "System.LinkTypes.Hierarchy-Forward",
          "url": "https://dev.azure.com/damartinez0850/_apis/wit/workItems/651",
          "attributes": {
            "isLocked": "false",
            "comment": "Making a new link for the dependency",
            "name": "Child"
          }
        }
      ],
      "url": "https://dev.azure.com/damartinez0850/_apis/wit/workItems/789"
    },
    {
      "id": 788,
      "rev": 2,
      "fields": {
        "System.AreaPath": "$ProjectName$",
        "System.TeamProject": "$ProjectName$",
        "System.IterationPath": "$ProjectName$",
        "System.WorkItemType": "Epic",
        "System.State": "New",
        "System.Reason": "New epic",
        "System.CreatedDate": "2019-09-27T14:56:34.81Z",
        "System.CreatedBy": "David Martinez <david.martinez@endava.com>",
        "System.ChangedDate": "2019-09-27T15:03:28.06Z",
        "System.ChangedBy": "David Martinez <david.martinez@endava.com>",
        "System.Title": "Shopping Cart Facility",
        "Microsoft.VSTS.Scheduling.Effort": 0.0,
        "System.Description": "Shopping Cart Facility",
        "System.AssignedTo": null,
        "Microsoft.VSTS.Scheduling.RemainingWork": 0.0,
        "Microsoft.VSTS.Common.Priority": 2.0,
        "System.BoardLane": null,
        "System.Tags": null,
        "Microsoft.VSTS.TCM.Steps": null,
        "Microsoft.VSTS.TCM.Parameters": null,
        "Microsoft.VSTS.TCM.LocalDataSource": null,
        "Microsoft.VSTS.TCM.AutomationStatus": null,
        "System.History": null
      },
      "relations": [
        {
          "rel": "System.LinkTypes.Hierarchy-Forward",
          "url": "https://dev.azure.com/damartinez0850/_apis/wit/workItems/657",
          "attributes": {
            "isLocked": "false",
            "comment": "Making a new link for the dependency",
            "name": "Child"
          }
        },
        {
          "rel": "System.LinkTypes.Hierarchy-Forward",
          "url": "https://dev.azure.com/damartinez0850/_apis/wit/workItems/650",
          "attributes": {
            "isLocked": "false",
            "comment": "Making a new link for the dependency",
            "name": "Child"
          }
        },
        {
          "rel": "System.LinkTypes.Hierarchy-Forward",
          "url": "https://dev.azure.com/damartinez0850/_apis/wit/workItems/653",
          "attributes": {
            "isLocked": "false",
            "comment": "Making a new link for the dependency",
            "name": "Child"
          }
        },
        {
          "rel": "System.LinkTypes.Hierarchy-Forward",
          "url": "https://dev.azure.com/damartinez0850/_apis/wit/workItems/652",
          "attributes": {
            "isLocked": "false",
            "comment": "Making a new link for the dependency",
            "name": "Child"
          }
        }
      ],
      "url": "https://dev.azure.com/damartinez0850/_apis/wit/workItems/788"
    },
    {
      "id": 787,
      "rev": 2,
      "fields": {
        "System.AreaPath": "$ProjectName$",
        "System.TeamProject": "$ProjectName$",
        "System.IterationPath": "$ProjectName$",
        "System.WorkItemType": "Epic",
        "System.State": "Done",
        "System.Reason": "Work finished",
        "System.CreatedDate": "2019-09-27T14:56:34.55Z",
        "System.CreatedBy": "David Martinez <david.martinez@endava.com>",
        "System.ChangedDate": "2019-09-27T15:03:28.06Z",
        "System.ChangedBy": "David Martinez <david.martinez@endava.com>",
        "System.Title": "As developer, I want to use Azure Machine Learning to provide a recommendations engine behind the website.",
        "Microsoft.VSTS.Scheduling.Effort": 0.0,
        "System.Description": "As developer, I want to use Azure Machine Learning to provide a recommendations engine behind the website.",
        "System.AssignedTo": "nmunger109@outlook.com",
        "Microsoft.VSTS.Scheduling.RemainingWork": 0.0,
        "Microsoft.VSTS.Common.Priority": 2.0,
        "System.BoardLane": null,
        "System.Tags": null,
        "Microsoft.VSTS.TCM.Steps": null,
        "Microsoft.VSTS.TCM.Parameters": null,
        "Microsoft.VSTS.TCM.LocalDataSource": null,
        "Microsoft.VSTS.TCM.AutomationStatus": null,
        "System.History": null
      },
      "relations": null,
      "url": "https://dev.azure.com/damartinez0850/_apis/wit/workItems/787"
    },
    {
      "id": 786,
      "rev": 2,
      "fields": {
        "System.AreaPath": "$ProjectName$",
        "System.TeamProject": "$ProjectName$",
        "System.IterationPath": "$ProjectName$",
        "System.WorkItemType": "Epic",
        "System.State": "Done",
        "System.Reason": "Work finished",
        "System.CreatedDate": "2019-09-27T14:56:34.12Z",
        "System.CreatedBy": "David Martinez <david.martinez@endava.com>",
        "System.ChangedDate": "2019-09-27T15:03:28.06Z",
        "System.ChangedBy": "David Martinez <david.martinez@endava.com>",
        "System.Title": "As ops guy, I'd like to keep the business owners happy ensuring there is no wasted spend in cloud resources.",
        "Microsoft.VSTS.Scheduling.Effort": 0.0,
        "System.Description": "As ops guy, I'd like to keep the business owners happy ensuring there is no wasted spend in cloud resources.",
        "System.AssignedTo": "David Martinez <david.martinez@endava.com>",
        "Microsoft.VSTS.Scheduling.RemainingWork": 0.0,
        "Microsoft.VSTS.Common.Priority": 2.0,
        "System.BoardLane": null,
        "System.Tags": null,
        "Microsoft.VSTS.TCM.Steps": null,
        "Microsoft.VSTS.TCM.Parameters": null,
        "Microsoft.VSTS.TCM.LocalDataSource": null,
        "Microsoft.VSTS.TCM.AutomationStatus": null,
        "System.History": null
      },
      "relations": null,
      "url": "https://dev.azure.com/damartinez0850/_apis/wit/workItems/786"
    },
    {
      "id": 785,
      "rev": 2,
      "fields": {
        "System.AreaPath": "$ProjectName$",
        "System.TeamProject": "$ProjectName$",
        "System.IterationPath": "$ProjectName$",
        "System.WorkItemType": "Epic",
        "System.State": "Done",
        "System.Reason": "Work finished",
        "System.CreatedDate": "2019-09-27T14:56:33.863Z",
        "System.CreatedBy": "David Martinez <david.martinez@endava.com>",
        "System.ChangedDate": "2019-09-27T15:03:28.06Z",
        "System.ChangedBy": "David Martinez <david.martinez@endava.com>",
        "System.Title": "We want to make frequent enhancements to the MRP application and need to modernize the application from its current legacy state.",
        "Microsoft.VSTS.Scheduling.Effort": 0.0,
        "System.Description": "We want to make frequent enhancements to the MRP application and need to modernize the application from its current legacy state.",
        "System.AssignedTo": "ckelly109@outlook.com",
        "Microsoft.VSTS.Scheduling.RemainingWork": 0.0,
        "Microsoft.VSTS.Common.Priority": 2.0,
        "System.BoardLane": null,
        "System.Tags": null,
        "Microsoft.VSTS.TCM.Steps": null,
        "Microsoft.VSTS.TCM.Parameters": null,
        "Microsoft.VSTS.TCM.LocalDataSource": null,
        "Microsoft.VSTS.TCM.AutomationStatus": null,
        "System.History": null
      },
      "relations": null,
      "url": "https://dev.azure.com/damartinez0850/_apis/wit/workItems/785"
    },
    {
      "id": 784,
      "rev": 2,
      "fields": {
        "System.AreaPath": "$ProjectName$",
        "System.TeamProject": "$ProjectName$",
        "System.IterationPath": "$ProjectName$",
        "System.WorkItemType": "Epic",
        "System.State": "Done",
        "System.Reason": "Work finished",
        "System.CreatedDate": "2019-09-27T14:56:33.443Z",
        "System.CreatedBy": "David Martinez <david.martinez@endava.com>",
        "System.ChangedDate": "2019-09-27T15:03:28.06Z",
        "System.ChangedBy": "David Martinez <david.martinez@endava.com>",
        "System.Title": "As a marketeer i want our website to be performant and available around the world",
        "Microsoft.VSTS.Scheduling.Effort": 0.0,
        "System.Description": "As a marketeer i want our website to be performant and available around the world",
        "System.AssignedTo": "David Martinez <david.martinez@endava.com>",
        "Microsoft.VSTS.Scheduling.RemainingWork": 0.0,
        "Microsoft.VSTS.Common.Priority": 2.0,
        "System.BoardLane": null,
        "System.Tags": null,
        "Microsoft.VSTS.TCM.Steps": null,
        "Microsoft.VSTS.TCM.Parameters": null,
        "Microsoft.VSTS.TCM.LocalDataSource": null,
        "Microsoft.VSTS.TCM.AutomationStatus": null,
        "System.History": null
      },
      "relations": null,
      "url": "https://dev.azure.com/damartinez0850/_apis/wit/workItems/784"
    },
    {
      "id": 783,
      "rev": 2,
      "fields": {
        "System.AreaPath": "$ProjectName$",
        "System.TeamProject": "$ProjectName$",
        "System.IterationPath": "$ProjectName$",
        "System.WorkItemType": "Epic",
        "System.State": "Done",
        "System.Reason": "Work finished",
        "System.CreatedDate": "2019-09-27T14:56:33.18Z",
        "System.CreatedBy": "David Martinez <david.martinez@endava.com>",
        "System.ChangedDate": "2019-09-27T15:03:28.06Z",
        "System.ChangedBy": "David Martinez <david.martinez@endava.com>",
        "System.Title": "As a user i want to be able to search the PartsUnlimited Website so that i can find the products i want to purchase",
        "Microsoft.VSTS.Scheduling.Effort": 0.0,
        "System.Description": "As a user i want to be able to search the PartsUnlimited Website so that i can find the products i want to purchase",
        "System.AssignedTo": "nmunger109@outlook.com",
        "Microsoft.VSTS.Scheduling.RemainingWork": 0.0,
        "Microsoft.VSTS.Common.Priority": 2.0,
        "System.BoardLane": null,
        "System.Tags": null,
        "Microsoft.VSTS.TCM.Steps": null,
        "Microsoft.VSTS.TCM.Parameters": null,
        "Microsoft.VSTS.TCM.LocalDataSource": null,
        "Microsoft.VSTS.TCM.AutomationStatus": null,
        "System.History": null
      },
      "relations": null,
      "url": "https://dev.azure.com/damartinez0850/_apis/wit/workItems/783"
    },
    {
      "id": 782,
      "rev": 2,
      "fields": {
        "System.AreaPath": "$ProjectName$",
        "System.TeamProject": "$ProjectName$",
        "System.IterationPath": "$ProjectName$",
        "System.WorkItemType": "Epic",
        "System.State": "Done",
        "System.Reason": "Work finished",
        "System.CreatedDate": "2019-09-27T14:56:32.92Z",
        "System.CreatedBy": "David Martinez <david.martinez@endava.com>",
        "System.ChangedDate": "2019-09-27T15:03:28.06Z",
        "System.ChangedBy": "David Martinez <david.martinez@endava.com>",
        "System.Title": "As ops guy, I'd like to make sure I am notified anytime public availability is impacted for key user scenarios",
        "Microsoft.VSTS.Scheduling.Effort": 0.0,
        "System.Description": "As ops guy, I'd like to make sure I am notified anytime public availability is impacted for key user scenarios",
        "System.AssignedTo": "nmunger109@outlook.com",
        "Microsoft.VSTS.Scheduling.RemainingWork": 0.0,
        "Microsoft.VSTS.Common.Priority": 2.0,
        "System.BoardLane": null,
        "System.Tags": null,
        "Microsoft.VSTS.TCM.Steps": null,
        "Microsoft.VSTS.TCM.Parameters": null,
        "Microsoft.VSTS.TCM.LocalDataSource": null,
        "Microsoft.VSTS.TCM.AutomationStatus": null,
        "System.History": null
      },
      "relations": null,
      "url": "https://dev.azure.com/damartinez0850/_apis/wit/workItems/782"
    },
    {
      "id": 781,
      "rev": 2,
      "fields": {
        "System.AreaPath": "$ProjectName$",
        "System.TeamProject": "$ProjectName$",
        "System.IterationPath": "$ProjectName$",
        "System.WorkItemType": "Epic",
        "System.State": "New",
        "System.Reason": "New epic",
        "System.CreatedDate": "2019-09-27T14:56:32.66Z",
        "System.CreatedBy": "David Martinez <david.martinez@endava.com>",
        "System.ChangedDate": "2019-09-27T15:03:28.06Z",
        "System.ChangedBy": "David Martinez <david.martinez@endava.com>",
        "System.Title": "As marketer, I want to run an A|B test on alternative Web Sites using Application Insights.",
        "Microsoft.VSTS.Scheduling.Effort": 0.0,
        "System.Description": "As marketer, I want to run an A|B test on alternative Web Sites using Application Insights.",
        "System.AssignedTo": null,
        "Microsoft.VSTS.Scheduling.RemainingWork": 0.0,
        "Microsoft.VSTS.Common.Priority": 2.0,
        "System.BoardLane": null,
        "System.Tags": null,
        "Microsoft.VSTS.TCM.Steps": null,
        "Microsoft.VSTS.TCM.Parameters": null,
        "Microsoft.VSTS.TCM.LocalDataSource": null,
        "Microsoft.VSTS.TCM.AutomationStatus": null,
        "System.History": null
      },
      "relations": [
        {
          "rel": "System.LinkTypes.Hierarchy-Forward",
          "url": "https://dev.azure.com/damartinez0850/_apis/wit/workItems/639",
          "attributes": {
            "isLocked": "false",
            "comment": "Making a new link for the dependency",
            "name": "Child"
          }
        }
      ],
      "url": "https://dev.azure.com/damartinez0850/_apis/wit/workItems/781"
    }
  ],
  "HttpStatusCode": 0,
  "Message": null
}