{
  "count": 22,
  "value": [
    {
      "id": 660,
      "rev": 2,
      "fields": {
        "System.AreaPath": "$ProjectName$",
        "System.TeamProject": "$ProjectName$",
        "System.IterationPath": "$ProjectName$",
        "System.WorkItemType": "Feature",
        "System.State": "New",
        "System.Reason": "New feature",
        "System.CreatedDate": "2019-09-27T14:55:55.543Z",
        "System.CreatedBy": "David Martinez <david.martinez@endava.com>",
        "System.ChangedDate": "2019-09-27T15:03:34.017Z",
        "System.ChangedBy": "David Martinez <david.martinez@endava.com>",
        "System.Title": "Credit Card Purchase",
        "Microsoft.VSTS.Scheduling.Effort": 0.0,
        "System.Description": "Credit Card Purchase",
        "System.AssignedTo": null,
        "Microsoft.VSTS.Scheduling.RemainingWork": 0.0,
        "Microsoft.VSTS.Common.Priority": 2.0,
        "System.BoardLane": null,
        "System.Tags": null,
        "Microsoft.VSTS.TCM.Steps": null,
        "Microsoft.VSTS.TCM.Parameters": null,
        "Microsoft.VSTS.TCM.LocalDataSource": null,
        "Microsoft.VSTS.TCM.AutomationStatus": null,
        "System.History": null
      },
      "relations": [
        {
          "rel": "System.LinkTypes.Hierarchy-Reverse",
          "url": "https://dev.azure.com/damartinez0850/_apis/wit/workItems/796",
          "attributes": {
            "isLocked": "false",
            "comment": "Making a new link for the dependency",
            "name": "Parent"
          }
        }
      ],
      "url": "https://dev.azure.com/damartinez0850/_apis/wit/workItems/660"
    },
    {
      "id": 659,
      "rev": 2,
      "fields": {
        "System.AreaPath": "$ProjectName$",
        "System.TeamProject": "$ProjectName$",
        "System.IterationPath": "$ProjectName$",
        "System.WorkItemType": "Feature",
        "System.State": "New",
        "System.Reason": "New feature",
        "System.CreatedDate": "2019-09-27T14:55:55.253Z",
        "System.CreatedBy": "David Martinez <david.martinez@endava.com>",
        "System.ChangedDate": "2019-09-27T15:03:34.017Z",
        "System.ChangedBy": "David Martinez <david.martinez@endava.com>",
        "System.Title": "Ad-hoc promotions",
        "Microsoft.VSTS.Scheduling.Effort": 0.0,
        "System.Description": "Ad-hoc promotions",
        "System.AssignedTo": null,
        "Microsoft.VSTS.Scheduling.RemainingWork": 0.0,
        "Microsoft.VSTS.Common.Priority": 2.0,
        "System.BoardLane": null,
        "System.Tags": null,
        "Microsoft.VSTS.TCM.Steps": null,
        "Microsoft.VSTS.TCM.Parameters": null,
        "Microsoft.VSTS.TCM.LocalDataSource": null,
        "Microsoft.VSTS.TCM.AutomationStatus": null,
        "System.History": null
      },
      "relations": [
        {
          "rel": "System.LinkTypes.Hierarchy-Reverse",
          "url": "https://dev.azure.com/damartinez0850/_apis/wit/workItems/791",
          "attributes": {
            "isLocked": "false",
            "comment": "Making a new link for the dependency",
            "name": "Parent"
          }
        }
      ],
      "url": "https://dev.azure.com/damartinez0850/_apis/wit/workItems/659"
    },
    {
      "id": 658,
      "rev": 2,
      "fields": {
        "System.AreaPath": "$ProjectName$",
        "System.TeamProject": "$ProjectName$",
        "System.IterationPath": "$ProjectName$",
        "System.WorkItemType": "Feature",
        "System.State": "New",
        "System.Reason": "New feature",
        "System.CreatedDate": "2019-09-27T14:55:54.993Z",
        "System.CreatedBy": "David Martinez <david.martinez@endava.com>",
        "System.ChangedDate": "2019-09-27T15:03:34.017Z",
        "System.ChangedBy": "David Martinez <david.martinez@endava.com>",
        "System.Title": "Product catalog changes",
        "Microsoft.VSTS.Scheduling.Effort": 0.0,
        "System.Description": "Product catalog changes",
        "System.AssignedTo": null,
        "Microsoft.VSTS.Scheduling.RemainingWork": 0.0,
        "Microsoft.VSTS.Common.Priority": 2.0,
        "System.BoardLane": null,
        "System.Tags": null,
        "Microsoft.VSTS.TCM.Steps": null,
        "Microsoft.VSTS.TCM.Parameters": null,
        "Microsoft.VSTS.TCM.LocalDataSource": null,
        "Microsoft.VSTS.TCM.AutomationStatus": null,
        "System.History": null
      },
      "relations": [
        {
          "rel": "System.LinkTypes.Hierarchy-Reverse",
          "url": "https://dev.azure.com/damartinez0850/_apis/wit/workItems/795",
          "attributes": {
            "isLocked": "false",
            "comment": "Making a new link for the dependency",
            "name": "Parent"
          }
        }
      ],
      "url": "https://dev.azure.com/damartinez0850/_apis/wit/workItems/658"
    },
    {
      "id": 657,
      "rev": 2,
      "fields": {
        "System.AreaPath": "$ProjectName$",
        "System.TeamProject": "$ProjectName$",
        "System.IterationPath": "$ProjectName$",
        "System.WorkItemType": "Feature",
        "System.State": "New",
        "System.Reason": "New feature",
        "System.CreatedDate": "2019-09-27T14:55:54.69Z",
        "System.CreatedBy": "David Martinez <david.martinez@endava.com>",
        "System.ChangedDate": "2019-09-27T15:03:34.017Z",
        "System.ChangedBy": "David Martinez <david.martinez@endava.com>",
        "System.Title": "Gift Options",
        "Microsoft.VSTS.Scheduling.Effort": 0.0,
        "System.Description": "Gift Options",
        "System.AssignedTo": null,
        "Microsoft.VSTS.Scheduling.RemainingWork": 0.0,
        "Microsoft.VSTS.Common.Priority": 2.0,
        "System.BoardLane": null,
        "System.Tags": null,
        "Microsoft.VSTS.TCM.Steps": null,
        "Microsoft.VSTS.TCM.Parameters": null,
        "Microsoft.VSTS.TCM.LocalDataSource": null,
        "Microsoft.VSTS.TCM.AutomationStatus": null,
        "System.History": null
      },
      "relations": [
        {
          "rel": "System.LinkTypes.Hierarchy-Reverse",
          "url": "https://dev.azure.com/damartinez0850/_apis/wit/workItems/788",
          "attributes": {
            "isLocked": "false",
            "comment": "Making a new link for the dependency",
            "name": "Parent"
          }
        }
      ],
      "url": "https://dev.azure.com/damartinez0850/_apis/wit/workItems/657"
    },
    {
      "id": 656,
      "rev": 2,
      "fields": {
        "System.AreaPath": "$ProjectName$",
        "System.TeamProject": "$ProjectName$",
        "System.IterationPath": "$ProjectName$",
        "System.WorkItemType": "Feature",
        "System.State": "New",
        "System.Reason": "New feature",
        "System.CreatedDate": "2019-09-27T14:55:54.437Z",
        "System.CreatedBy": "David Martinez <david.martinez@endava.com>",
        "System.ChangedDate": "2019-09-27T15:03:34.017Z",
        "System.ChangedBy": "David Martinez <david.martinez@endava.com>",
        "System.Title": "Customer notification",
        "Microsoft.VSTS.Scheduling.Effort": 0.0,
        "System.Description": "Customer notification",
        "System.AssignedTo": null,
        "Microsoft.VSTS.Scheduling.RemainingWork": 0.0,
        "Microsoft.VSTS.Common.Priority": 2.0,
        "System.BoardLane": null,
        "System.Tags": null,
        "Microsoft.VSTS.TCM.Steps": null,
        "Microsoft.VSTS.TCM.Parameters": null,
        "Microsoft.VSTS.TCM.LocalDataSource": null,
        "Microsoft.VSTS.TCM.AutomationStatus": null,
        "System.History": null
      },
      "relations": [
        {
          "rel": "System.LinkTypes.Hierarchy-Reverse",
          "url": "https://dev.azure.com/damartinez0850/_apis/wit/workItems/792",
          "attributes": {
            "isLocked": "false",
            "comment": "Making a new link for the dependency",
            "name": "Parent"
          }
        }
      ],
      "url": "https://dev.azure.com/damartinez0850/_apis/wit/workItems/656"
    },
    {
      "id": 655,
      "rev": 2,
      "fields": {
        "System.AreaPath": "$ProjectName$",
        "System.TeamProject": "$ProjectName$",
        "System.IterationPath": "$ProjectName$",
        "System.WorkItemType": "Feature",
        "System.State": "New",
        "System.Reason": "New feature",
        "System.CreatedDate": "2019-09-27T14:55:54.15Z",
        "System.CreatedBy": "David Martinez <david.martinez@endava.com>",
        "System.ChangedDate": "2019-09-27T15:03:34.017Z",
        "System.ChangedBy": "David Martinez <david.martinez@endava.com>",
        "System.Title": "Product Recommendations",
        "Microsoft.VSTS.Scheduling.Effort": 0.0,
        "System.Description": "Product Recommendations",
        "System.AssignedTo": null,
        "Microsoft.VSTS.Scheduling.RemainingWork": 0.0,
        "Microsoft.VSTS.Common.Priority": 2.0,
        "System.BoardLane": null,
        "System.Tags": null,
        "Microsoft.VSTS.TCM.Steps": null,
        "Microsoft.VSTS.TCM.Parameters": null,
        "Microsoft.VSTS.TCM.LocalDataSource": null,
        "Microsoft.VSTS.TCM.AutomationStatus": null,
        "System.History": null
      },
      "relations": [
        {
          "rel": "System.LinkTypes.Hierarchy-Reverse",
          "url": "https://dev.azure.com/damartinez0850/_apis/wit/workItems/791",
          "attributes": {
            "isLocked": "false",
            "comment": "Making a new link for the dependency",
            "name": "Parent"
          }
        }
      ],
      "url": "https://dev.azure.com/damartinez0850/_apis/wit/workItems/655"
    },
    {
      "id": 654,
      "rev": 2,
      "fields": {
        "System.AreaPath": "$ProjectName$",
        "System.TeamProject": "$ProjectName$",
        "System.IterationPath": "$ProjectName$",
        "System.WorkItemType": "Feature",
        "System.State": "New",
        "System.Reason": "New feature",
        "System.CreatedDate": "2019-09-27T14:55:53.557Z",
        "System.CreatedBy": "David Martinez <david.martinez@endava.com>",
        "System.ChangedDate": "2019-09-27T15:03:34.017Z",
        "System.ChangedBy": "David Martinez <david.martinez@endava.com>",
        "System.Title": "Delivery confirmation",
        "Microsoft.VSTS.Scheduling.Effort": 0.0,
        "System.Description": "Delivery confirmation",
        "System.AssignedTo": null,
        "Microsoft.VSTS.Scheduling.RemainingWork": 0.0,
        "Microsoft.VSTS.Common.Priority": 2.0,
        "System.BoardLane": null,
        "System.Tags": null,
        "Microsoft.VSTS.TCM.Steps": null,
        "Microsoft.VSTS.TCM.Parameters": null,
        "Microsoft.VSTS.TCM.LocalDataSource": null,
        "Microsoft.VSTS.TCM.AutomationStatus": null,
        "System.History": null
      },
      "relations": [
        {
          "rel": "System.LinkTypes.Hierarchy-Reverse",
          "url": "https://dev.azure.com/damartinez0850/_apis/wit/workItems/789",
          "attributes": {
            "isLocked": "false",
            "comment": "Making a new link for the dependency",
            "name": "Parent"
          }
        }
      ],
      "url": "https://dev.azure.com/damartinez0850/_apis/wit/workItems/654"
    },
    {
      "id": 653,
      "rev": 2,
      "fields": {
        "System.AreaPath": "$ProjectName$",
        "System.TeamProject": "$ProjectName$",
        "System.IterationPath": "$ProjectName$",
        "System.WorkItemType": "Feature",
        "System.State": "New",
        "System.Reason": "New feature",
        "System.CreatedDate": "2019-09-27T14:55:53.3Z",
        "System.CreatedBy": "David Martinez <david.martinez@endava.com>",
        "System.ChangedDate": "2019-09-27T15:03:34.017Z",
        "System.ChangedBy": "David Martinez <david.martinez@endava.com>",
        "System.Title": "Order confirmation",
        "Microsoft.VSTS.Scheduling.Effort": 0.0,
        "System.Description": "Order confirmation",
        "System.AssignedTo": null,
        "Microsoft.VSTS.Scheduling.RemainingWork": 0.0,
        "Microsoft.VSTS.Common.Priority": 2.0,
        "System.BoardLane": null,
        "System.Tags": null,
        "Microsoft.VSTS.TCM.Steps": null,
        "Microsoft.VSTS.TCM.Parameters": null,
        "Microsoft.VSTS.TCM.LocalDataSource": null,
        "Microsoft.VSTS.TCM.AutomationStatus": null,
        "System.History": null
      },
      "relations": [
        {
          "rel": "System.LinkTypes.Hierarchy-Reverse",
          "url": "https://dev.azure.com/damartinez0850/_apis/wit/workItems/788",
          "attributes": {
            "isLocked": "false",
            "comment": "Making a new link for the dependency",
            "name": "Parent"
          }
        }
      ],
      "url": "https://dev.azure.com/damartinez0850/_apis/wit/workItems/653"
    },
    {
      "id": 652,
      "rev": 2,
      "fields": {
        "System.AreaPath": "$ProjectName$",
        "System.TeamProject": "$ProjectName$",
        "System.IterationPath": "$ProjectName$",
        "System.WorkItemType": "Feature",
        "System.State": "New",
        "System.Reason": "New feature",
        "System.CreatedDate": "2019-09-27T14:55:53.05Z",
        "System.CreatedBy": "David Martinez <david.martinez@endava.com>",
        "System.ChangedDate": "2019-09-27T15:03:34.017Z",
        "System.ChangedBy": "David Martinez <david.martinez@endava.com>",
        "System.Title": "Order cancellation",
        "Microsoft.VSTS.Scheduling.Effort": 0.0,
        "System.Description": "Order cancellation",
        "System.AssignedTo": null,
        "Microsoft.VSTS.Scheduling.RemainingWork": 0.0,
        "Microsoft.VSTS.Common.Priority": 2.0,
        "System.BoardLane": null,
        "System.Tags": null,
        "Microsoft.VSTS.TCM.Steps": null,
        "Microsoft.VSTS.TCM.Parameters": null,
        "Microsoft.VSTS.TCM.LocalDataSource": null,
        "Microsoft.VSTS.TCM.AutomationStatus": null,
        "System.History": null
      },
      "relations": [
        {
          "rel": "System.LinkTypes.Hierarchy-Reverse",
          "url": "https://dev.azure.com/damartinez0850/_apis/wit/workItems/788",
          "attributes": {
            "isLocked": "false",
            "comment": "Making a new link for the dependency",
            "name": "Parent"
          }
        }
      ],
      "url": "https://dev.azure.com/damartinez0850/_apis/wit/workItems/652"
    },
    {
      "id": 651,
      "rev": 2,
      "fields": {
        "System.AreaPath": "$ProjectName$",
        "System.TeamProject": "$ProjectName$",
        "System.IterationPath": "$ProjectName$",
        "System.WorkItemType": "Feature",
        "System.State": "New",
        "System.Reason": "New feature",
        "System.CreatedDate": "2019-09-27T14:55:52.797Z",
        "System.CreatedBy": "David Martinez <david.martinez@endava.com>",
        "System.ChangedDate": "2019-09-27T15:03:34.017Z",
        "System.ChangedBy": "David Martinez <david.martinez@endava.com>",
        "System.Title": "Delivery Options",
        "Microsoft.VSTS.Scheduling.Effort": 0.0,
        "System.Description": "Delivery Options",
        "System.AssignedTo": null,
        "Microsoft.VSTS.Scheduling.RemainingWork": 0.0,
        "Microsoft.VSTS.Common.Priority": 2.0,
        "System.BoardLane": null,
        "System.Tags": null,
        "Microsoft.VSTS.TCM.Steps": null,
        "Microsoft.VSTS.TCM.Parameters": null,
        "Microsoft.VSTS.TCM.LocalDataSource": null,
        "Microsoft.VSTS.TCM.AutomationStatus": null,
        "System.History": null
      },
      "relations": [
        {
          "rel": "System.LinkTypes.Hierarchy-Reverse",
          "url": "https://dev.azure.com/damartinez0850/_apis/wit/workItems/789",
          "attributes": {
            "isLocked": "false",
            "comment": "Making a new link for the dependency",
            "name": "Parent"
          }
        }
      ],
      "url": "https://dev.azure.com/damartinez0850/_apis/wit/workItems/651"
    },
    {
      "id": 650,
      "rev": 2,
      "fields": {
        "System.AreaPath": "$ProjectName$",
        "System.TeamProject": "$ProjectName$",
        "System.IterationPath": "$ProjectName$",
        "System.WorkItemType": "Feature",
        "System.State": "New",
        "System.Reason": "New feature",
        "System.CreatedDate": "2019-09-27T14:55:52.53Z",
        "System.CreatedBy": "David Martinez <david.martinez@endava.com>",
        "System.ChangedDate": "2019-09-27T15:03:34.017Z",
        "System.ChangedBy": "David Martinez <david.martinez@endava.com>",
        "System.Title": "Shipping charges calculation",
        "Microsoft.VSTS.Scheduling.Effort": 0.0,
        "System.Description": "Shipping charges calculation",
        "System.AssignedTo": null,
        "Microsoft.VSTS.Scheduling.RemainingWork": 0.0,
        "Microsoft.VSTS.Common.Priority": 2.0,
        "System.BoardLane": null,
        "System.Tags": null,
        "Microsoft.VSTS.TCM.Steps": null,
        "Microsoft.VSTS.TCM.Parameters": null,
        "Microsoft.VSTS.TCM.LocalDataSource": null,
        "Microsoft.VSTS.TCM.AutomationStatus": null,
        "System.History": null
      },
      "relations": [
        {
          "rel": "System.LinkTypes.Hierarchy-Reverse",
          "url": "https://dev.azure.com/damartinez0850/_apis/wit/workItems/788",
          "attributes": {
            "isLocked": "false",
            "comment": "Making a new link for the dependency",
            "name": "Parent"
          }
        }
      ],
      "url": "https://dev.azure.com/damartinez0850/_apis/wit/workItems/650"
    },
    {
      "id": 649,
      "rev": 2,
      "fields": {
        "System.AreaPath": "$ProjectName$",
        "System.TeamProject": "$ProjectName$",
        "System.IterationPath": "$ProjectName$",
        "System.WorkItemType": "Feature",
        "System.State": "New",
        "System.Reason": "New feature",
        "System.CreatedDate": "2019-09-27T14:55:51.687Z",
        "System.CreatedBy": "David Martinez <david.martinez@endava.com>",
        "System.ChangedDate": "2019-09-27T15:03:34.017Z",
        "System.ChangedBy": "David Martinez <david.martinez@endava.com>",
        "System.Title": "Customer issues",
        "Microsoft.VSTS.Scheduling.Effort": 0.0,
        "System.Description": "Customer issues",
        "System.AssignedTo": null,
        "Microsoft.VSTS.Scheduling.RemainingWork": 0.0,
        "Microsoft.VSTS.Common.Priority": 2.0,
        "System.BoardLane": null,
        "System.Tags": null,
        "Microsoft.VSTS.TCM.Steps": null,
        "Microsoft.VSTS.TCM.Parameters": null,
        "Microsoft.VSTS.TCM.LocalDataSource": null,
        "Microsoft.VSTS.TCM.AutomationStatus": null,
        "System.History": null
      },
      "relations": [
        {
          "rel": "System.LinkTypes.Hierarchy-Reverse",
          "url": "https://dev.azure.com/damartinez0850/_apis/wit/workItems/794",
          "attributes": {
            "isLocked": "false",
            "comment": "Making a new link for the dependency",
            "name": "Parent"
          }
        }
      ],
      "url": "https://dev.azure.com/damartinez0850/_apis/wit/workItems/649"
    },
    {
      "id": 648,
      "rev": 2,
      "fields": {
        "System.AreaPath": "$ProjectName$",
        "System.TeamProject": "$ProjectName$",
        "System.IterationPath": "$ProjectName$",
        "System.WorkItemType": "Feature",
        "System.State": "New",
        "System.Reason": "New feature",
        "System.CreatedDate": "2019-09-27T14:55:51.437Z",
        "System.CreatedBy": "David Martinez <david.martinez@endava.com>",
        "System.ChangedDate": "2019-09-27T15:03:34.017Z",
        "System.ChangedBy": "David Martinez <david.martinez@endava.com>",
        "System.Title": "Supplier Feedback",
        "Microsoft.VSTS.Scheduling.Effort": 0.0,
        "System.Description": "Supplier Feedback",
        "System.AssignedTo": null,
        "Microsoft.VSTS.Scheduling.RemainingWork": 0.0,
        "Microsoft.VSTS.Common.Priority": 2.0,
        "System.BoardLane": null,
        "System.Tags": null,
        "Microsoft.VSTS.TCM.Steps": null,
        "Microsoft.VSTS.TCM.Parameters": null,
        "Microsoft.VSTS.TCM.LocalDataSource": null,
        "Microsoft.VSTS.TCM.AutomationStatus": null,
        "System.History": null
      },
      "relations": [
        {
          "rel": "System.LinkTypes.Hierarchy-Reverse",
          "url": "https://dev.azure.com/damartinez0850/_apis/wit/workItems/790",
          "attributes": {
            "isLocked": "false",
            "comment": "Making a new link for the dependency",
            "name": "Parent"
          }
        }
      ],
      "url": "https://dev.azure.com/damartinez0850/_apis/wit/workItems/648"
    },
    {
      "id": 647,
      "rev": 2,
      "fields": {
        "System.AreaPath": "$ProjectName$",
        "System.TeamProject": "$ProjectName$",
        "System.IterationPath": "$ProjectName$",
        "System.WorkItemType": "Feature",
        "System.State": "New",
        "System.Reason": "New feature",
        "System.CreatedDate": "2019-09-27T14:55:51.187Z",
        "System.CreatedBy": "David Martinez <david.martinez@endava.com>",
        "System.ChangedDate": "2019-09-27T15:03:34.017Z",
        "System.ChangedBy": "David Martinez <david.martinez@endava.com>",
        "System.Title": "Ratings for purchased items",
        "Microsoft.VSTS.Scheduling.Effort": 0.0,
        "System.Description": "Ratings for purchased items",
        "System.AssignedTo": null,
        "Microsoft.VSTS.Scheduling.RemainingWork": 0.0,
        "Microsoft.VSTS.Common.Priority": 2.0,
        "System.BoardLane": null,
        "System.Tags": null,
        "Microsoft.VSTS.TCM.Steps": null,
        "Microsoft.VSTS.TCM.Parameters": null,
        "Microsoft.VSTS.TCM.LocalDataSource": null,
        "Microsoft.VSTS.TCM.AutomationStatus": null,
        "System.History": null
      },
      "relations": [
        {
          "rel": "System.LinkTypes.Hierarchy-Forward",
          "url": "https://dev.azure.com/damartinez0850/_apis/wit/workItems/779",
          "attributes": {
            "isLocked": "false",
            "comment": "Making a new link for the dependency",
            "name": "Child"
          }
        },
        {
          "rel": "System.LinkTypes.Hierarchy-Reverse",
          "url": "https://dev.azure.com/damartinez0850/_apis/wit/workItems/790",
          "attributes": {
            "isLocked": "false",
            "comment": "Making a new link for the dependency",
            "name": "Parent"
          }
        }
      ],
      "url": "https://dev.azure.com/damartinez0850/_apis/wit/workItems/647"
    },
    {
      "id": 646,
      "rev": 2,
      "fields": {
        "System.AreaPath": "$ProjectName$",
        "System.TeamProject": "$ProjectName$",
        "System.IterationPath": "$ProjectName$",
        "System.WorkItemType": "Feature",
        "System.State": "New",
        "System.Reason": "New feature",
        "System.CreatedDate": "2019-09-27T14:55:50.897Z",
        "System.CreatedBy": "David Martinez <david.martinez@endava.com>",
        "System.ChangedDate": "2019-09-27T15:03:34.017Z",
        "System.ChangedBy": "David Martinez <david.martinez@endava.com>",
        "System.Title": "Ask for customer feedback",
        "Microsoft.VSTS.Scheduling.Effort": 0.0,
        "System.Description": "Ask for customer feedback",
        "System.AssignedTo": null,
        "Microsoft.VSTS.Scheduling.RemainingWork": 0.0,
        "Microsoft.VSTS.Common.Priority": 2.0,
        "System.BoardLane": null,
        "System.Tags": null,
        "Microsoft.VSTS.TCM.Steps": null,
        "Microsoft.VSTS.TCM.Parameters": null,
        "Microsoft.VSTS.TCM.LocalDataSource": null,
        "Microsoft.VSTS.TCM.AutomationStatus": null,
        "System.History": null
      },
      "relations": [
        {
          "rel": "System.LinkTypes.Hierarchy-Reverse",
          "url": "https://dev.azure.com/damartinez0850/_apis/wit/workItems/794",
          "attributes": {
            "isLocked": "false",
            "comment": "Making a new link for the dependency",
            "name": "Parent"
          }
        }
      ],
      "url": "https://dev.azure.com/damartinez0850/_apis/wit/workItems/646"
    },
    {
      "id": 645,
      "rev": 2,
      "fields": {
        "System.AreaPath": "$ProjectName$",
        "System.TeamProject": "$ProjectName$",
        "System.IterationPath": "$ProjectName$",
        "System.WorkItemType": "Feature",
        "System.State": "New",
        "System.Reason": "New feature",
        "System.CreatedDate": "2019-09-27T14:55:50.633Z",
        "System.CreatedBy": "David Martinez <david.martinez@endava.com>",
        "System.ChangedDate": "2019-09-27T15:03:34.017Z",
        "System.ChangedBy": "David Martinez <david.martinez@endava.com>",
        "System.Title": "Rewards Redemption",
        "Microsoft.VSTS.Scheduling.Effort": 0.0,
        "System.Description": "Rewards Redemption",
        "System.AssignedTo": null,
        "Microsoft.VSTS.Scheduling.RemainingWork": 0.0,
        "Microsoft.VSTS.Common.Priority": 2.0,
        "System.BoardLane": null,
        "System.Tags": null,
        "Microsoft.VSTS.TCM.Steps": null,
        "Microsoft.VSTS.TCM.Parameters": null,
        "Microsoft.VSTS.TCM.LocalDataSource": null,
        "Microsoft.VSTS.TCM.AutomationStatus": null,
        "System.History": null
      },
      "relations": [
        {
          "rel": "System.LinkTypes.Hierarchy-Reverse",
          "url": "https://dev.azure.com/damartinez0850/_apis/wit/workItems/793",
          "attributes": {
            "isLocked": "false",
            "comment": "Making a new link for the dependency",
            "name": "Parent"
          }
        }
      ],
      "url": "https://dev.azure.com/damartinez0850/_apis/wit/workItems/645"
    },
    {
      "id": 644,
      "rev": 2,
      "fields": {
        "System.AreaPath": "$ProjectName$",
        "System.TeamProject": "$ProjectName$",
        "System.IterationPath": "$ProjectName$",
        "System.WorkItemType": "Feature",
        "System.State": "New",
        "System.Reason": "New feature",
        "System.CreatedDate": "2019-09-27T14:55:49.85Z",
        "System.CreatedBy": "David Martinez <david.martinez@endava.com>",
        "System.ChangedDate": "2019-09-27T15:03:34.017Z",
        "System.ChangedBy": "David Martinez <david.martinez@endava.com>",
        "System.Title": "Points Accural on Purchases",
        "Microsoft.VSTS.Scheduling.Effort": 0.0,
        "System.Description": "Points Accural on Purchases",
        "System.AssignedTo": null,
        "Microsoft.VSTS.Scheduling.RemainingWork": 0.0,
        "Microsoft.VSTS.Common.Priority": 2.0,
        "System.BoardLane": null,
        "System.Tags": null,
        "Microsoft.VSTS.TCM.Steps": null,
        "Microsoft.VSTS.TCM.Parameters": null,
        "Microsoft.VSTS.TCM.LocalDataSource": null,
        "Microsoft.VSTS.TCM.AutomationStatus": null,
        "System.History": null
      },
      "relations": [
        {
          "rel": "System.LinkTypes.Hierarchy-Reverse",
          "url": "https://dev.azure.com/damartinez0850/_apis/wit/workItems/793",
          "attributes": {
            "isLocked": "false",
            "comment": "Making a new link for the dependency",
            "name": "Parent"
          }
        }
      ],
      "url": "https://dev.azure.com/damartinez0850/_apis/wit/workItems/644"
    },
    {
      "id": 643,
      "rev": 2,
      "fields": {
        "System.AreaPath": "$ProjectName$",
        "System.TeamProject": "$ProjectName$",
        "System.IterationPath": "$ProjectName$\\Sprint 1",
        "System.WorkItemType": "Feature",
        "System.State": "Done",
        "System.Reason": "Work finished",
        "System.CreatedDate": "2019-09-27T14:55:49.553Z",
        "System.CreatedBy": "David Martinez <david.martinez@endava.com>",
        "System.ChangedDate": "2019-09-27T15:03:34.017Z",
        "System.ChangedBy": "David Martinez <david.martinez@endava.com>",
        "System.Title": "As a marketeer i want our website to be performant and available around the world",
        "Microsoft.VSTS.Scheduling.Effort": 0.0,
        "System.Description": "As a marketeer i want our website to be performant and available around the world",
        "System.AssignedTo": "ckelly109@outlook.com",
        "Microsoft.VSTS.Scheduling.RemainingWork": 0.0,
        "Microsoft.VSTS.Common.Priority": 2.0,
        "System.BoardLane": null,
        "System.Tags": null,
        "Microsoft.VSTS.TCM.Steps": null,
        "Microsoft.VSTS.TCM.Parameters": null,
        "Microsoft.VSTS.TCM.LocalDataSource": null,
        "Microsoft.VSTS.TCM.AutomationStatus": null,
        "System.History": null
      },
      "relations": null,
      "url": "https://dev.azure.com/damartinez0850/_apis/wit/workItems/643"
    },
    {
      "id": 642,
      "rev": 2,
      "fields": {
        "System.AreaPath": "$ProjectName$",
        "System.TeamProject": "$ProjectName$",
        "System.IterationPath": "$ProjectName$\\Sprint 1",
        "System.WorkItemType": "Feature",
        "System.State": "Done",
        "System.Reason": "Work finished",
        "System.CreatedDate": "2019-09-27T14:55:49.213Z",
        "System.CreatedBy": "David Martinez <david.martinez@endava.com>",
        "System.ChangedDate": "2019-09-27T15:03:34.017Z",
        "System.ChangedBy": "David Martinez <david.martinez@endava.com>",
        "System.Title": "As a business owner, I would like to know how much our historical spend is to help project future spend for budgeting + financials.",
        "Microsoft.VSTS.Scheduling.Effort": 0.0,
        "System.Description": "As a business owner, I would like to know how much our historical spend is to help project future spend for budgeting + financials.",
        "System.AssignedTo": "nmunger109@outlook.com",
        "Microsoft.VSTS.Scheduling.RemainingWork": 0.0,
        "Microsoft.VSTS.Common.Priority": 2.0,
        "System.BoardLane": null,
        "System.Tags": null,
        "Microsoft.VSTS.TCM.Steps": null,
        "Microsoft.VSTS.TCM.Parameters": null,
        "Microsoft.VSTS.TCM.LocalDataSource": null,
        "Microsoft.VSTS.TCM.AutomationStatus": null,
        "System.History": null
      },
      "relations": null,
      "url": "https://dev.azure.com/damartinez0850/_apis/wit/workItems/642"
    },
    {
      "id": 641,
      "rev": 2,
      "fields": {
        "System.AreaPath": "$ProjectName$",
        "System.TeamProject": "$ProjectName$",
        "System.IterationPath": "$ProjectName$\\Sprint 1",
        "System.WorkItemType": "Feature",
        "System.State": "Done",
        "System.Reason": "Work finished",
        "System.CreatedDate": "2019-09-27T14:55:48.89Z",
        "System.CreatedBy": "David Martinez <david.martinez@endava.com>",
        "System.ChangedDate": "2019-09-27T15:03:34.017Z",
        "System.ChangedBy": "David Martinez <david.martinez@endava.com>",
        "System.Title": "As an Ops guy, I want to ensure that the legacy MRP system configuration is consistent.",
        "Microsoft.VSTS.Scheduling.Effort": 0.0,
        "System.Description": "As an Ops guy, I want to ensure that the legacy MRP system configuration is consistent.",
        "System.AssignedTo": "nmunger109@outlook.com",
        "Microsoft.VSTS.Scheduling.RemainingWork": 0.0,
        "Microsoft.VSTS.Common.Priority": 2.0,
        "System.BoardLane": null,
        "System.Tags": null,
        "Microsoft.VSTS.TCM.Steps": null,
        "Microsoft.VSTS.TCM.Parameters": null,
        "Microsoft.VSTS.TCM.LocalDataSource": null,
        "Microsoft.VSTS.TCM.AutomationStatus": null,
        "System.History": null
      },
      "relations": null,
      "url": "https://dev.azure.com/damartinez0850/_apis/wit/workItems/641"
    },
    {
      "id": 640,
      "rev": 2,
      "fields": {
        "System.AreaPath": "$ProjectName$",
        "System.TeamProject": "$ProjectName$",
        "System.IterationPath": "$ProjectName$\\Sprint 1",
        "System.WorkItemType": "Feature",
        "System.State": "Done",
        "System.Reason": "Work finished",
        "System.CreatedDate": "2019-09-27T14:55:48.523Z",
        "System.CreatedBy": "David Martinez <david.martinez@endava.com>",
        "System.ChangedDate": "2019-09-27T15:03:34.017Z",
        "System.ChangedBy": "David Martinez <david.martinez@endava.com>",
        "System.Title": "Ops needs the ability to quickly roll back to a known good state in the event of a critical problem in production.",
        "Microsoft.VSTS.Scheduling.Effort": 0.0,
        "System.Description": "Ops needs the ability to quickly roll back to a known good state in the event of a critical problem in production.",
        "System.AssignedTo": "nmunger109@outlook.com",
        "Microsoft.VSTS.Scheduling.RemainingWork": 0.0,
        "Microsoft.VSTS.Common.Priority": 2.0,
        "System.BoardLane": null,
        "System.Tags": null,
        "Microsoft.VSTS.TCM.Steps": null,
        "Microsoft.VSTS.TCM.Parameters": null,
        "Microsoft.VSTS.TCM.LocalDataSource": null,
        "Microsoft.VSTS.TCM.AutomationStatus": null,
        "System.History": null
      },
      "relations": null,
      "url": "https://dev.azure.com/damartinez0850/_apis/wit/workItems/640"
    },
    {
      "id": 639,
      "rev": 2,
      "fields": {
        "System.AreaPath": "$ProjectName$",
        "System.TeamProject": "$ProjectName$",
        "System.IterationPath": "$ProjectName$\\Sprint 1",
        "System.WorkItemType": "Feature",
        "System.State": "New",
        "System.Reason": "New feature",
        "System.CreatedDate": "2019-09-27T14:55:48.177Z",
        "System.CreatedBy": "David Martinez <david.martinez@endava.com>",
        "System.ChangedDate": "2019-09-27T15:03:34.017Z",
        "System.ChangedBy": "David Martinez <david.martinez@endava.com>",
        "System.Title": "As marketeer, I want us to reuse the web assets for apps on Android and iOS with corporate branding, and I will want to be able to update the device apps with every marketing promotion. That will mean using Cordova.",
        "Microsoft.VSTS.Scheduling.Effort": 0.0,
        "System.Description": "As marketeer, I want us to reuse the web assets for apps on Android and iOS with corporate branding, and I will want to be able to update the device apps with every marketing promotion. That will mean using Cordova.",
        "System.AssignedTo": null,
        "Microsoft.VSTS.Scheduling.RemainingWork": 0.0,
        "Microsoft.VSTS.Common.Priority": 2.0,
        "System.BoardLane": null,
        "System.Tags": null,
        "Microsoft.VSTS.TCM.Steps": null,
        "Microsoft.VSTS.TCM.Parameters": null,
        "Microsoft.VSTS.TCM.LocalDataSource": null,
        "Microsoft.VSTS.TCM.AutomationStatus": null,
        "System.History": null
      },
      "relations": [
        {
          "rel": "System.LinkTypes.Hierarchy-Reverse",
          "url": "https://dev.azure.com/damartinez0850/_apis/wit/workItems/781",
          "attributes": {
            "isLocked": "false",
            "comment": "Making a new link for the dependency",
            "name": "Parent"
          }
        }
      ],
      "url": "https://dev.azure.com/damartinez0850/_apis/wit/workItems/639"
    }
  ],
  "HttpStatusCode": 0,
  "Message": null
}