{
  "count": 18,
  "value": [
    {
      "id": 678,
      "rev": 1,
      "fields": {
        "System.AreaPath": "$ProjectName$",
        "System.TeamProject": "$ProjectName$",
        "System.IterationPath": "$ProjectName$\\Sprint 2",
        "System.WorkItemType": "Product Backlog Item",
        "System.State": "Approved",
        "System.Reason": "Approved by the Product Owner",
        "System.CreatedDate": "2019-09-27T14:56:01.093Z",
        "System.CreatedBy": "David Martinez <david.martinez@endava.com>",
        "System.ChangedDate": "2019-09-27T14:56:01.093Z",
        "System.ChangedBy": "David Martinez <david.martinez@endava.com>",
        "System.Title": "As a customer, I would like to have a wishlist where I can add items for future purchase",
        "Microsoft.VSTS.Scheduling.Effort": 2.0,
        "System.Description": "As a customer, I would like to have a wishlist where I can add items for future purchase",
        "System.AssignedTo": null,
        "Microsoft.VSTS.Scheduling.RemainingWork": 0.0,
        "Microsoft.VSTS.Common.Priority": 1.0,
        "System.BoardLane": null,
        "System.Tags": null,
        "Microsoft.VSTS.TCM.Steps": null,
        "Microsoft.VSTS.TCM.Parameters": null,
        "Microsoft.VSTS.TCM.LocalDataSource": null,
        "Microsoft.VSTS.TCM.AutomationStatus": null,
        "System.History": null
      },
      "relations": [
        {
          "rel": "Microsoft.VSTS.Common.TestedBy-Forward",
          "url": "https://dev.azure.com/damartinez0850/_apis/wit/workItems/772",
          "attributes": {
            "isLocked": "false",
            "comment": "Making a new link for the dependency",
            "name": "Tested By"
          }
        }
      ],
      "url": "https://dev.azure.com/damartinez0850/_apis/wit/workItems/678"
    },
    {
      "id": 677,
      "rev": 1,
      "fields": {
        "System.AreaPath": "$ProjectName$",
        "System.TeamProject": "$ProjectName$",
        "System.IterationPath": "$ProjectName$\\Sprint 6",
        "System.WorkItemType": "Product Backlog Item",
        "System.State": "Approved",
        "System.Reason": "Additional work found",
        "System.CreatedDate": "2019-09-27T14:56:00.833Z",
        "System.CreatedBy": "David Martinez <david.martinez@endava.com>",
        "System.ChangedDate": "2019-09-27T14:56:00.833Z",
        "System.ChangedBy": "David Martinez <david.martinez@endava.com>",
        "System.Title": "As a customer, I would like to provide my feedback on items that I have purchased",
        "Microsoft.VSTS.Scheduling.Effort": 5.0,
        "System.Description": "As a customer, I would like to provide my feedback on items that I have purchased",
        "System.AssignedTo": null,
        "Microsoft.VSTS.Scheduling.RemainingWork": 0.0,
        "Microsoft.VSTS.Common.Priority": 2.0,
        "System.BoardLane": null,
        "System.Tags": null,
        "Microsoft.VSTS.TCM.Steps": null,
        "Microsoft.VSTS.TCM.Parameters": null,
        "Microsoft.VSTS.TCM.LocalDataSource": null,
        "Microsoft.VSTS.TCM.AutomationStatus": null,
        "System.History": null
      },
      "relations": [
        {
          "rel": "Microsoft.VSTS.Common.TestedBy-Forward",
          "url": "https://dev.azure.com/damartinez0850/_apis/wit/workItems/773",
          "attributes": {
            "isLocked": "false",
            "comment": "Making a new link for the dependency",
            "name": "Tested By"
          }
        }
      ],
      "url": "https://dev.azure.com/damartinez0850/_apis/wit/workItems/677"
    },
    {
      "id": 676,
      "rev": 1,
      "fields": {
        "System.AreaPath": "$ProjectName$",
        "System.TeamProject": "$ProjectName$",
        "System.IterationPath": "$ProjectName$\\Sprint 6",
        "System.WorkItemType": "Product Backlog Item",
        "System.State": "Approved",
        "System.Reason": "Additional work found",
        "System.CreatedDate": "2019-09-27T14:56:00.577Z",
        "System.CreatedBy": "David Martinez <david.martinez@endava.com>",
        "System.ChangedDate": "2019-09-27T14:56:00.577Z",
        "System.ChangedBy": "David Martinez <david.martinez@endava.com>",
        "System.Title": "As a admin, I should be able to update prices on ad-hoc condition",
        "Microsoft.VSTS.Scheduling.Effort": 6.0,
        "System.Description": "As a admin, I should be able to update prices on ad-hoc condition. The prices should be immediately reflected on the product page. Any unconfirmed order should include the updated price&nbsp;",
        "System.AssignedTo": null,
        "Microsoft.VSTS.Scheduling.RemainingWork": 0.0,
        "Microsoft.VSTS.Common.Priority": 2.0,
        "System.BoardLane": null,
        "System.Tags": null,
        "Microsoft.VSTS.TCM.Steps": null,
        "Microsoft.VSTS.TCM.Parameters": null,
        "Microsoft.VSTS.TCM.LocalDataSource": null,
        "Microsoft.VSTS.TCM.AutomationStatus": null,
        "System.History": null
      },
      "relations": [
        {
          "rel": "Microsoft.VSTS.Common.TestedBy-Forward",
          "url": "https://dev.azure.com/damartinez0850/_apis/wit/workItems/774",
          "attributes": {
            "isLocked": "false",
            "comment": "Making a new link for the dependency",
            "name": "Tested By"
          }
        }
      ],
      "url": "https://dev.azure.com/damartinez0850/_apis/wit/workItems/676"
    },
    {
      "id": 675,
      "rev": 1,
      "fields": {
        "System.AreaPath": "$ProjectName$",
        "System.TeamProject": "$ProjectName$",
        "System.IterationPath": "$ProjectName$\\Sprint 6",
        "System.WorkItemType": "Product Backlog Item",
        "System.State": "Approved",
        "System.Reason": "Work stopped",
        "System.CreatedDate": "2019-09-27T14:55:59.737Z",
        "System.CreatedBy": "David Martinez <david.martinez@endava.com>",
        "System.ChangedDate": "2019-09-27T14:55:59.737Z",
        "System.ChangedBy": "David Martinez <david.martinez@endava.com>",
        "System.Title": "Notify the user about any changes made to the order",
        "Microsoft.VSTS.Scheduling.Effort": 10.0,
        "System.Description": "Users should be notified when there is a change to the order including shipping, delivery, price changes",
        "System.AssignedTo": null,
        "Microsoft.VSTS.Scheduling.RemainingWork": 0.0,
        "Microsoft.VSTS.Common.Priority": 2.0,
        "System.BoardLane": null,
        "System.Tags": null,
        "Microsoft.VSTS.TCM.Steps": null,
        "Microsoft.VSTS.TCM.Parameters": null,
        "Microsoft.VSTS.TCM.LocalDataSource": null,
        "Microsoft.VSTS.TCM.AutomationStatus": null,
        "System.History": null
      },
      "relations": [
        {
          "rel": "Microsoft.VSTS.Common.TestedBy-Forward",
          "url": "https://dev.azure.com/damartinez0850/_apis/wit/workItems/765",
          "attributes": {
            "isLocked": "false",
            "comment": "Making a new link for the dependency",
            "name": "Tested By"
          }
        }
      ],
      "url": "https://dev.azure.com/damartinez0850/_apis/wit/workItems/675"
    },
    {
      "id": 674,
      "rev": 1,
      "fields": {
        "System.AreaPath": "$ProjectName$",
        "System.TeamProject": "$ProjectName$",
        "System.IterationPath": "$ProjectName$\\Sprint 2",
        "System.WorkItemType": "Product Backlog Item",
        "System.State": "Committed",
        "System.Reason": "Commitment made by the team",
        "System.CreatedDate": "2019-09-27T14:55:59.477Z",
        "System.CreatedBy": "David Martinez <david.martinez@endava.com>",
        "System.ChangedDate": "2019-09-27T14:55:59.477Z",
        "System.ChangedBy": "David Martinez <david.martinez@endava.com>",
        "System.Title": "Provide tentative duration for shipping.",
        "Microsoft.VSTS.Scheduling.Effort": 13.0,
        "System.Description": "Customers when they make the order and select the shipping method, the system should provide the tentative duration for shipping the items",
        "System.AssignedTo": null,
        "Microsoft.VSTS.Scheduling.RemainingWork": 0.0,
        "Microsoft.VSTS.Common.Priority": 2.0,
        "System.BoardLane": null,
        "System.Tags": null,
        "Microsoft.VSTS.TCM.Steps": null,
        "Microsoft.VSTS.TCM.Parameters": null,
        "Microsoft.VSTS.TCM.LocalDataSource": null,
        "Microsoft.VSTS.TCM.AutomationStatus": null,
        "System.History": null
      },
      "relations": [
        {
          "rel": "Microsoft.VSTS.Common.TestedBy-Forward",
          "url": "https://dev.azure.com/damartinez0850/_apis/wit/workItems/778",
          "attributes": {
            "isLocked": "false",
            "comment": "Making a new link for the dependency",
            "name": "Tested By"
          }
        }
      ],
      "url": "https://dev.azure.com/damartinez0850/_apis/wit/workItems/674"
    },
    {
      "id": 673,
      "rev": 1,
      "fields": {
        "System.AreaPath": "$ProjectName$",
        "System.TeamProject": "$ProjectName$",
        "System.IterationPath": "$ProjectName$",
        "System.WorkItemType": "Product Backlog Item",
        "System.State": "Committed",
        "System.Reason": "Commitment made by the team",
        "System.CreatedDate": "2019-09-27T14:55:59.217Z",
        "System.CreatedBy": "David Martinez <david.martinez@endava.com>",
        "System.ChangedDate": "2019-09-27T14:55:59.217Z",
        "System.ChangedBy": "David Martinez <david.martinez@endava.com>",
        "System.Title": "As developer, I want to use Azure Machine Learning to provide a recommendations engine behind the website.",
        "Microsoft.VSTS.Scheduling.Effort": 2.0,
        "System.Description": "As developer, I want to use Azure Machine Learning to provide a recommendations engine behind the website.",
        "System.AssignedTo": null,
        "Microsoft.VSTS.Scheduling.RemainingWork": 0.0,
        "Microsoft.VSTS.Common.Priority": 1.0,
        "System.BoardLane": null,
        "System.Tags": null,
        "Microsoft.VSTS.TCM.Steps": null,
        "Microsoft.VSTS.TCM.Parameters": null,
        "Microsoft.VSTS.TCM.LocalDataSource": null,
        "Microsoft.VSTS.TCM.AutomationStatus": null,
        "System.History": null
      },
      "relations": null,
      "url": "https://dev.azure.com/damartinez0850/_apis/wit/workItems/673"
    },
    {
      "id": 672,
      "rev": 1,
      "fields": {
        "System.AreaPath": "$ProjectName$",
        "System.TeamProject": "$ProjectName$",
        "System.IterationPath": "$ProjectName$",
        "System.WorkItemType": "Product Backlog Item",
        "System.State": "Committed",
        "System.Reason": "Commitment made by the team",
        "System.CreatedDate": "2019-09-27T14:55:58.96Z",
        "System.CreatedBy": "David Martinez <david.martinez@endava.com>",
        "System.ChangedDate": "2019-09-27T14:55:58.96Z",
        "System.ChangedBy": "David Martinez <david.martinez@endava.com>",
        "System.Title": "As a customer, I should be able to select different shipping option",
        "Microsoft.VSTS.Scheduling.Effort": 2.0,
        "System.Description": "As a customer, I should be able to view all the shipping options available and be able to select a different shipping option other than the default option",
        "System.AssignedTo": null,
        "Microsoft.VSTS.Scheduling.RemainingWork": 0.0,
        "Microsoft.VSTS.Common.Priority": 1.0,
        "System.BoardLane": null,
        "System.Tags": null,
        "Microsoft.VSTS.TCM.Steps": null,
        "Microsoft.VSTS.TCM.Parameters": null,
        "Microsoft.VSTS.TCM.LocalDataSource": null,
        "Microsoft.VSTS.TCM.AutomationStatus": null,
        "System.History": null
      },
      "relations": null,
      "url": "https://dev.azure.com/damartinez0850/_apis/wit/workItems/672"
    },
    {
      "id": 671,
      "rev": 1,
      "fields": {
        "System.AreaPath": "$ProjectName$",
        "System.TeamProject": "$ProjectName$",
        "System.IterationPath": "$ProjectName$",
        "System.WorkItemType": "Product Backlog Item",
        "System.State": "Committed",
        "System.Reason": "Additional work found",
        "System.CreatedDate": "2019-09-27T14:55:58.657Z",
        "System.CreatedBy": "David Martinez <david.martinez@endava.com>",
        "System.ChangedDate": "2019-09-27T14:55:58.657Z",
        "System.ChangedBy": "David Martinez <david.martinez@endava.com>",
        "System.Title": "As a customer, I would like to store my credit card details securely",
        "Microsoft.VSTS.Scheduling.Effort": 0.0,
        "System.Description": "More information here",
        "System.AssignedTo": null,
        "Microsoft.VSTS.Scheduling.RemainingWork": 0.0,
        "Microsoft.VSTS.Common.Priority": 2.0,
        "System.BoardLane": null,
        "System.Tags": null,
        "Microsoft.VSTS.TCM.Steps": null,
        "Microsoft.VSTS.TCM.Parameters": null,
        "Microsoft.VSTS.TCM.LocalDataSource": null,
        "Microsoft.VSTS.TCM.AutomationStatus": null,
        "System.History": null
      },
      "relations": [
        {
          "rel": "Microsoft.VSTS.Common.TestedBy-Forward",
          "url": "https://dev.azure.com/damartinez0850/_apis/wit/workItems/768",
          "attributes": {
            "isLocked": "false",
            "comment": "Making a new link for the dependency",
            "name": "Tested By"
          }
        },
        {
          "rel": "Microsoft.VSTS.Common.TestedBy-Forward",
          "url": "https://dev.azure.com/damartinez0850/_apis/wit/workItems/766",
          "attributes": {
            "isLocked": "false",
            "comment": "Making a new link for the dependency",
            "name": "Tested By"
          }
        },
        {
          "rel": "Microsoft.VSTS.Common.TestedBy-Forward",
          "url": "https://dev.azure.com/damartinez0850/_apis/wit/workItems/767",
          "attributes": {
            "isLocked": "false",
            "comment": "Making a new link for the dependency",
            "name": "Tested By"
          }
        }
      ],
      "url": "https://dev.azure.com/damartinez0850/_apis/wit/workItems/671"
    },
    {
      "id": 670,
      "rev": 1,
      "fields": {
        "System.AreaPath": "$ProjectName$",
        "System.TeamProject": "$ProjectName$",
        "System.IterationPath": "$ProjectName$\\Sprint 6",
        "System.WorkItemType": "Product Backlog Item",
        "System.State": "Done",
        "System.Reason": "Work finished",
        "System.CreatedDate": "2019-09-27T14:55:58.227Z",
        "System.CreatedBy": "David Martinez <david.martinez@endava.com>",
        "System.ChangedDate": "2019-09-27T14:55:58.227Z",
        "System.ChangedBy": "David Martinez <david.martinez@endava.com>",
        "System.Title": "As a customer, I would like to have the ability to send my items as gift",
        "Microsoft.VSTS.Scheduling.Effort": 5.0,
        "System.Description": "As a customer, I would like to have the ability to send my items as gift",
        "System.AssignedTo": "David Martinez <david.martinez@endava.com>",
        "Microsoft.VSTS.Scheduling.RemainingWork": 0.0,
        "Microsoft.VSTS.Common.Priority": 2.0,
        "System.BoardLane": null,
        "System.Tags": null,
        "Microsoft.VSTS.TCM.Steps": null,
        "Microsoft.VSTS.TCM.Parameters": null,
        "Microsoft.VSTS.TCM.LocalDataSource": null,
        "Microsoft.VSTS.TCM.AutomationStatus": null,
        "System.History": null
      },
      "relations": null,
      "url": "https://dev.azure.com/damartinez0850/_apis/wit/workItems/670"
    },
    {
      "id": 669,
      "rev": 1,
      "fields": {
        "System.AreaPath": "$ProjectName$",
        "System.TeamProject": "$ProjectName$",
        "System.IterationPath": "$ProjectName$\\Sprint 1",
        "System.WorkItemType": "Product Backlog Item",
        "System.State": "Done",
        "System.Reason": "Work finished",
        "System.CreatedDate": "2019-09-27T14:55:57.97Z",
        "System.CreatedBy": "David Martinez <david.martinez@endava.com>",
        "System.ChangedDate": "2019-09-27T14:55:57.97Z",
        "System.ChangedBy": "David Martinez <david.martinez@endava.com>",
        "System.Title": "Provide customers the ability to track status of the package",
        "Microsoft.VSTS.Scheduling.Effort": 2.0,
        "System.Description": "Provide customers the ability to track status of the package",
        "System.AssignedTo": "lsteel109@outlook.com",
        "Microsoft.VSTS.Scheduling.RemainingWork": 0.0,
        "Microsoft.VSTS.Common.Priority": 2.0,
        "System.BoardLane": null,
        "System.Tags": null,
        "Microsoft.VSTS.TCM.Steps": null,
        "Microsoft.VSTS.TCM.Parameters": null,
        "Microsoft.VSTS.TCM.LocalDataSource": null,
        "Microsoft.VSTS.TCM.AutomationStatus": null,
        "System.History": null
      },
      "relations": null,
      "url": "https://dev.azure.com/damartinez0850/_apis/wit/workItems/669"
    },
    {
      "id": 668,
      "rev": 1,
      "fields": {
        "System.AreaPath": "$ProjectName$",
        "System.TeamProject": "$ProjectName$",
        "System.IterationPath": "$ProjectName$",
        "System.WorkItemType": "Product Backlog Item",
        "System.State": "New",
        "System.Reason": "Moved to the backlog",
        "System.CreatedDate": "2019-09-27T14:55:57.69Z",
        "System.CreatedBy": "David Martinez <david.martinez@endava.com>",
        "System.ChangedDate": "2019-09-27T14:55:57.69Z",
        "System.ChangedBy": "David Martinez <david.martinez@endava.com>",
        "System.Title": "As marketer, I want to run an A|B test on alternative Web Sites using Application Insights.",
        "Microsoft.VSTS.Scheduling.Effort": 3.0,
        "System.Description": "As marketer, I want to run an A|B test on alternative Web Sites using Application Insights.",
        "System.AssignedTo": null,
        "Microsoft.VSTS.Scheduling.RemainingWork": 0.0,
        "Microsoft.VSTS.Common.Priority": 2.0,
        "System.BoardLane": null,
        "System.Tags": null,
        "Microsoft.VSTS.TCM.Steps": null,
        "Microsoft.VSTS.TCM.Parameters": null,
        "Microsoft.VSTS.TCM.LocalDataSource": null,
        "Microsoft.VSTS.TCM.AutomationStatus": null,
        "System.History": null
      },
      "relations": null,
      "url": "https://dev.azure.com/damartinez0850/_apis/wit/workItems/668"
    },
    {
      "id": 667,
      "rev": 1,
      "fields": {
        "System.AreaPath": "$ProjectName$",
        "System.TeamProject": "$ProjectName$",
        "System.IterationPath": "$ProjectName$\\Sprint 6",
        "System.WorkItemType": "Product Backlog Item",
        "System.State": "New",
        "System.Reason": "Moved to the backlog",
        "System.CreatedDate": "2019-09-27T14:55:57.423Z",
        "System.CreatedBy": "David Martinez <david.martinez@endava.com>",
        "System.ChangedDate": "2019-09-27T14:55:57.423Z",
        "System.ChangedBy": "David Martinez <david.martinez@endava.com>",
        "System.Title": "As a customer, I would like to save my addresses so that I can easily select the address for delivery",
        "Microsoft.VSTS.Scheduling.Effort": 8.0,
        "System.Description": "As a customer, I would like to save my addresses so that I can easily select the address for delivery",
        "System.AssignedTo": null,
        "Microsoft.VSTS.Scheduling.RemainingWork": 0.0,
        "Microsoft.VSTS.Common.Priority": 2.0,
        "System.BoardLane": null,
        "System.Tags": null,
        "Microsoft.VSTS.TCM.Steps": null,
        "Microsoft.VSTS.TCM.Parameters": null,
        "Microsoft.VSTS.TCM.LocalDataSource": null,
        "Microsoft.VSTS.TCM.AutomationStatus": null,
        "System.History": null
      },
      "relations": [
        {
          "rel": "Microsoft.VSTS.Common.TestedBy-Forward",
          "url": "https://dev.azure.com/damartinez0850/_apis/wit/workItems/771",
          "attributes": {
            "isLocked": "false",
            "comment": "Making a new link for the dependency",
            "name": "Tested By"
          }
        }
      ],
      "url": "https://dev.azure.com/damartinez0850/_apis/wit/workItems/667"
    },
    {
      "id": 666,
      "rev": 1,
      "fields": {
        "System.AreaPath": "$ProjectName$",
        "System.TeamProject": "$ProjectName$",
        "System.IterationPath": "$ProjectName$\\Sprint 4",
        "System.WorkItemType": "Product Backlog Item",
        "System.State": "New",
        "System.Reason": "New backlog item",
        "System.CreatedDate": "2019-09-27T14:55:57.167Z",
        "System.CreatedBy": "David Martinez <david.martinez@endava.com>",
        "System.ChangedDate": "2019-09-27T14:55:57.167Z",
        "System.ChangedBy": "David Martinez <david.martinez@endava.com>",
        "System.Title": "Recommended products must be based on customer purchase pattern history",
        "Microsoft.VSTS.Scheduling.Effort": 2.0,
        "System.Description": "Recommended products must be based on customer purchase pattern history",
        "System.AssignedTo": null,
        "Microsoft.VSTS.Scheduling.RemainingWork": 10.0,
        "Microsoft.VSTS.Common.Priority": 2.0,
        "System.BoardLane": null,
        "System.Tags": null,
        "Microsoft.VSTS.TCM.Steps": null,
        "Microsoft.VSTS.TCM.Parameters": null,
        "Microsoft.VSTS.TCM.LocalDataSource": null,
        "Microsoft.VSTS.TCM.AutomationStatus": null,
        "System.History": null
      },
      "relations": null,
      "url": "https://dev.azure.com/damartinez0850/_apis/wit/workItems/666"
    },
    {
      "id": 665,
      "rev": 1,
      "fields": {
        "System.AreaPath": "$ProjectName$",
        "System.TeamProject": "$ProjectName$",
        "System.IterationPath": "$ProjectName$\\Sprint 6",
        "System.WorkItemType": "Product Backlog Item",
        "System.State": "New",
        "System.Reason": "New backlog item",
        "System.CreatedDate": "2019-09-27T14:55:56.907Z",
        "System.CreatedBy": "David Martinez <david.martinez@endava.com>",
        "System.ChangedDate": "2019-09-27T14:55:56.907Z",
        "System.ChangedBy": "David Martinez <david.martinez@endava.com>",
        "System.Title": "As a customer, I would like to have a sort capabaility by price and customer ratings",
        "Microsoft.VSTS.Scheduling.Effort": 13.0,
        "System.Description": "As developer, I want a clone of the Phoenix feedback and events database",
        "System.AssignedTo": null,
        "Microsoft.VSTS.Scheduling.RemainingWork": 0.0,
        "Microsoft.VSTS.Common.Priority": 1.0,
        "System.BoardLane": null,
        "System.Tags": null,
        "Microsoft.VSTS.TCM.Steps": null,
        "Microsoft.VSTS.TCM.Parameters": null,
        "Microsoft.VSTS.TCM.LocalDataSource": null,
        "Microsoft.VSTS.TCM.AutomationStatus": null,
        "System.History": null
      },
      "relations": [
        {
          "rel": "Microsoft.VSTS.Common.TestedBy-Forward",
          "url": "https://dev.azure.com/damartinez0850/_apis/wit/workItems/769",
          "attributes": {
            "isLocked": "false",
            "comment": "Making a new link for the dependency",
            "name": "Tested By"
          }
        }
      ],
      "url": "https://dev.azure.com/damartinez0850/_apis/wit/workItems/665"
    },
    {
      "id": 664,
      "rev": 1,
      "fields": {
        "System.AreaPath": "$ProjectName$",
        "System.TeamProject": "$ProjectName$",
        "System.IterationPath": "$ProjectName$",
        "System.WorkItemType": "Product Backlog Item",
        "System.State": "New",
        "System.Reason": "Moved to the backlog",
        "System.CreatedDate": "2019-09-27T14:55:56.647Z",
        "System.CreatedBy": "David Martinez <david.martinez@endava.com>",
        "System.ChangedDate": "2019-09-27T14:55:56.647Z",
        "System.ChangedBy": "David Martinez <david.martinez@endava.com>",
        "System.Title": "As a customer, I should be able to print my purchase order",
        "Microsoft.VSTS.Scheduling.Effort": 0.0,
        "System.Description": "Ops needs the ability to quickly roll back to a known good state in the event of a critical problem in production.",
        "System.AssignedTo": null,
        "Microsoft.VSTS.Scheduling.RemainingWork": 0.0,
        "Microsoft.VSTS.Common.Priority": 2.0,
        "System.BoardLane": null,
        "System.Tags": null,
        "Microsoft.VSTS.TCM.Steps": null,
        "Microsoft.VSTS.TCM.Parameters": null,
        "Microsoft.VSTS.TCM.LocalDataSource": null,
        "Microsoft.VSTS.TCM.AutomationStatus": null,
        "System.History": null
      },
      "relations": [
        {
          "rel": "Microsoft.VSTS.Common.TestedBy-Forward",
          "url": "https://dev.azure.com/damartinez0850/_apis/wit/workItems/770",
          "attributes": {
            "isLocked": "false",
            "comment": "Making a new link for the dependency",
            "name": "Tested By"
          }
        }
      ],
      "url": "https://dev.azure.com/damartinez0850/_apis/wit/workItems/664"
    },
    {
      "id": 663,
      "rev": 1,
      "fields": {
        "System.AreaPath": "$ProjectName$",
        "System.TeamProject": "$ProjectName$",
        "System.IterationPath": "$ProjectName$",
        "System.WorkItemType": "Product Backlog Item",
        "System.State": "New",
        "System.Reason": "Moved to the backlog",
        "System.CreatedDate": "2019-09-27T14:55:56.387Z",
        "System.CreatedBy": "David Martinez <david.martinez@endava.com>",
        "System.ChangedDate": "2019-09-27T14:55:56.387Z",
        "System.ChangedBy": "David Martinez <david.martinez@endava.com>",
        "System.Title": "As a customer, I should be able to put items to shopping cart",
        "Microsoft.VSTS.Scheduling.Effort": 8.0,
        "System.Description": "As a customer, I should be able to put items to shopping cart",
        "System.AssignedTo": null,
        "Microsoft.VSTS.Scheduling.RemainingWork": 0.0,
        "Microsoft.VSTS.Common.Priority": 2.0,
        "System.BoardLane": null,
        "System.Tags": null,
        "Microsoft.VSTS.TCM.Steps": null,
        "Microsoft.VSTS.TCM.Parameters": null,
        "Microsoft.VSTS.TCM.LocalDataSource": null,
        "Microsoft.VSTS.TCM.AutomationStatus": null,
        "System.History": null
      },
      "relations": [
        {
          "rel": "Microsoft.VSTS.Common.TestedBy-Forward",
          "url": "https://dev.azure.com/damartinez0850/_apis/wit/workItems/776",
          "attributes": {
            "isLocked": "false",
            "comment": "Making a new link for the dependency",
            "name": "Tested By"
          }
        },
        {
          "rel": "Microsoft.VSTS.Common.TestedBy-Forward",
          "url": "https://dev.azure.com/damartinez0850/_apis/wit/workItems/777",
          "attributes": {
            "isLocked": "false",
            "comment": "Making a new link for the dependency",
            "name": "Tested By"
          }
        },
        {
          "rel": "Microsoft.VSTS.Common.TestedBy-Forward",
          "url": "https://dev.azure.com/damartinez0850/_apis/wit/workItems/775",
          "attributes": {
            "isLocked": "false",
            "comment": "Making a new link for the dependency",
            "name": "Tested By"
          }
        }
      ],
      "url": "https://dev.azure.com/damartinez0850/_apis/wit/workItems/663"
    },
    {
      "id": 662,
      "rev": 1,
      "fields": {
        "System.AreaPath": "$ProjectName$",
        "System.TeamProject": "$ProjectName$",
        "System.IterationPath": "$ProjectName$\\Sprint 6",
        "System.WorkItemType": "Product Backlog Item",
        "System.State": "New",
        "System.Reason": "Moved to the backlog",
        "System.CreatedDate": "2019-09-27T14:55:56.113Z",
        "System.CreatedBy": "David Martinez <david.martinez@endava.com>",
        "System.ChangedDate": "2019-09-27T14:55:56.113Z",
        "System.ChangedBy": "David Martinez <david.martinez@endava.com>",
        "System.Title": "As tester, I need to test the website on all the relevant broswers and devices and be sure that it can handle our load.",
        "Microsoft.VSTS.Scheduling.Effort": 8.0,
        "System.Description": "As tester, I need to test the website on all the relevant broswers and devices and be sure that it can handle our load.",
        "System.AssignedTo": null,
        "Microsoft.VSTS.Scheduling.RemainingWork": 0.0,
        "Microsoft.VSTS.Common.Priority": 2.0,
        "System.BoardLane": null,
        "System.Tags": null,
        "Microsoft.VSTS.TCM.Steps": null,
        "Microsoft.VSTS.TCM.Parameters": null,
        "Microsoft.VSTS.TCM.LocalDataSource": null,
        "Microsoft.VSTS.TCM.AutomationStatus": null,
        "System.History": null
      },
      "relations": null,
      "url": "https://dev.azure.com/damartinez0850/_apis/wit/workItems/662"
    },
    {
      "id": 661,
      "rev": 1,
      "fields": {
        "System.AreaPath": "$ProjectName$",
        "System.TeamProject": "$ProjectName$",
        "System.IterationPath": "$ProjectName$",
        "System.WorkItemType": "Product Backlog Item",
        "System.State": "New",
        "System.Reason": "New backlog item",
        "System.CreatedDate": "2019-09-27T14:55:55.8Z",
        "System.CreatedBy": "David Martinez <david.martinez@endava.com>",
        "System.ChangedDate": "2019-09-27T14:55:55.8Z",
        "System.ChangedBy": "David Martinez <david.martinez@endava.com>",
        "System.Title": "Provide related items or frequently bought together section when people browse or search",
        "Microsoft.VSTS.Scheduling.Effort": 0.0,
        "System.Description": "Provide related items or frequently bought together section when people browse or search",
        "System.AssignedTo": null,
        "Microsoft.VSTS.Scheduling.RemainingWork": 0.0,
        "Microsoft.VSTS.Common.Priority": 2.0,
        "System.BoardLane": null,
        "System.Tags": null,
        "Microsoft.VSTS.TCM.Steps": null,
        "Microsoft.VSTS.TCM.Parameters": null,
        "Microsoft.VSTS.TCM.LocalDataSource": null,
        "Microsoft.VSTS.TCM.AutomationStatus": null,
        "System.History": null
      },
      "relations": [
        {
          "rel": "Microsoft.VSTS.Common.TestedBy-Forward",
          "url": "https://dev.azure.com/damartinez0850/_apis/wit/workItems/764",
          "attributes": {
            "isLocked": "false",
            "comment": "Making a new link for the dependency",
            "name": "Tested By"
          }
        }
      ],
      "url": "https://dev.azure.com/damartinez0850/_apis/wit/workItems/661"
    }
  ],
  "HttpStatusCode": 0,
  "Message": null
}