{
  "count": 29,
  "value": [
    {
      "id": 707,
      "rev": 1,
      "fields": {
        "System.AreaPath": "$ProjectName$",
        "System.TeamProject": "$ProjectName$",
        "System.IterationPath": "$ProjectName$\\Sprint 6",
        "System.WorkItemType": "Task",
        "System.State": "Done",
        "System.Reason": "Work finished",
        "System.CreatedDate": "2019-09-27T14:56:11.12Z",
        "System.CreatedBy": "David Martinez <david.martinez@endava.com>",
        "System.ChangedDate": "2019-09-27T14:56:11.12Z",
        "System.ChangedBy": "David Martinez <david.martinez@endava.com>",
        "System.Title": "Update add product section with Gift options",
        "Microsoft.VSTS.Scheduling.Effort": 0.0,
        "System.Description": null,
        "System.AssignedTo": "David Martinez <david.martinez@endava.com>",
        "Microsoft.VSTS.Scheduling.RemainingWork": 0.0,
        "Microsoft.VSTS.Common.Priority": 2.0,
        "System.BoardLane": null,
        "System.Tags": null,
        "Microsoft.VSTS.TCM.Steps": null,
        "Microsoft.VSTS.TCM.Parameters": null,
        "Microsoft.VSTS.TCM.LocalDataSource": null,
        "Microsoft.VSTS.TCM.AutomationStatus": null,
        "System.History": null
      },
      "relations": null,
      "url": "https://dev.azure.com/damartinez0850/_apis/wit/workItems/707"
    },
    {
      "id": 706,
      "rev": 1,
      "fields": {
        "System.AreaPath": "$ProjectName$",
        "System.TeamProject": "$ProjectName$",
        "System.IterationPath": "$ProjectName$\\Sprint 2",
        "System.WorkItemType": "Task",
        "System.State": "Done",
        "System.Reason": "Work finished",
        "System.CreatedDate": "2019-09-27T14:56:10.73Z",
        "System.CreatedBy": "David Martinez <david.martinez@endava.com>",
        "System.ChangedDate": "2019-09-27T14:56:10.73Z",
        "System.ChangedBy": "David Martinez <david.martinez@endava.com>",
        "System.Title": "Calculate delivery date based on shipping method",
        "Microsoft.VSTS.Scheduling.Effort": 0.0,
        "System.Description": null,
        "System.AssignedTo": "nmunger109@outlook.com",
        "Microsoft.VSTS.Scheduling.RemainingWork": 0.0,
        "Microsoft.VSTS.Common.Priority": 2.0,
        "System.BoardLane": null,
        "System.Tags": null,
        "Microsoft.VSTS.TCM.Steps": null,
        "Microsoft.VSTS.TCM.Parameters": null,
        "Microsoft.VSTS.TCM.LocalDataSource": null,
        "Microsoft.VSTS.TCM.AutomationStatus": null,
        "System.History": null
      },
      "relations": null,
      "url": "https://dev.azure.com/damartinez0850/_apis/wit/workItems/706"
    },
    {
      "id": 705,
      "rev": 1,
      "fields": {
        "System.AreaPath": "$ProjectName$",
        "System.TeamProject": "$ProjectName$",
        "System.IterationPath": "$ProjectName$\\Sprint 2",
        "System.WorkItemType": "Task",
        "System.State": "Done",
        "System.Reason": "Work finished",
        "System.CreatedDate": "2019-09-27T14:56:10.47Z",
        "System.CreatedBy": "David Martinez <david.martinez@endava.com>",
        "System.ChangedDate": "2019-09-27T14:56:10.47Z",
        "System.ChangedBy": "David Martinez <david.martinez@endava.com>",
        "System.Title": "Update order confirmation page",
        "Microsoft.VSTS.Scheduling.Effort": 0.0,
        "System.Description": null,
        "System.AssignedTo": "nmunger109@outlook.com",
        "Microsoft.VSTS.Scheduling.RemainingWork": 0.0,
        "Microsoft.VSTS.Common.Priority": 2.0,
        "System.BoardLane": null,
        "System.Tags": null,
        "Microsoft.VSTS.TCM.Steps": null,
        "Microsoft.VSTS.TCM.Parameters": null,
        "Microsoft.VSTS.TCM.LocalDataSource": null,
        "Microsoft.VSTS.TCM.AutomationStatus": null,
        "System.History": null
      },
      "relations": null,
      "url": "https://dev.azure.com/damartinez0850/_apis/wit/workItems/705"
    },
    {
      "id": 704,
      "rev": 1,
      "fields": {
        "System.AreaPath": "$ProjectName$",
        "System.TeamProject": "$ProjectName$",
        "System.IterationPath": "$ProjectName$\\Sprint 1",
        "System.WorkItemType": "Task",
        "System.State": "Done",
        "System.Reason": "Work finished",
        "System.CreatedDate": "2019-09-27T14:56:10.107Z",
        "System.CreatedBy": "David Martinez <david.martinez@endava.com>",
        "System.ChangedDate": "2019-09-27T14:56:10.107Z",
        "System.ChangedBy": "David Martinez <david.martinez@endava.com>",
        "System.Title": "Update Gift selection page to include a message",
        "Microsoft.VSTS.Scheduling.Effort": 0.0,
        "System.Description": null,
        "System.AssignedTo": "craig109@outlook.com",
        "Microsoft.VSTS.Scheduling.RemainingWork": 0.0,
        "Microsoft.VSTS.Common.Priority": 2.0,
        "System.BoardLane": null,
        "System.Tags": null,
        "Microsoft.VSTS.TCM.Steps": null,
        "Microsoft.VSTS.TCM.Parameters": null,
        "Microsoft.VSTS.TCM.LocalDataSource": null,
        "Microsoft.VSTS.TCM.AutomationStatus": null,
        "System.History": null
      },
      "relations": null,
      "url": "https://dev.azure.com/damartinez0850/_apis/wit/workItems/704"
    },
    {
      "id": 703,
      "rev": 1,
      "fields": {
        "System.AreaPath": "$ProjectName$",
        "System.TeamProject": "$ProjectName$",
        "System.IterationPath": "$ProjectName$\\Sprint 1",
        "System.WorkItemType": "Task",
        "System.State": "Done",
        "System.Reason": "Work finished",
        "System.CreatedDate": "2019-09-27T14:56:09.67Z",
        "System.CreatedBy": "David Martinez <david.martinez@endava.com>",
        "System.ChangedDate": "2019-09-27T14:56:09.67Z",
        "System.ChangedBy": "David Martinez <david.martinez@endava.com>",
        "System.Title": "Generate gift return slip",
        "Microsoft.VSTS.Scheduling.Effort": 0.0,
        "System.Description": null,
        "System.AssignedTo": "David Martinez <david.martinez@endava.com>",
        "Microsoft.VSTS.Scheduling.RemainingWork": 0.0,
        "Microsoft.VSTS.Common.Priority": 2.0,
        "System.BoardLane": null,
        "System.Tags": null,
        "Microsoft.VSTS.TCM.Steps": null,
        "Microsoft.VSTS.TCM.Parameters": null,
        "Microsoft.VSTS.TCM.LocalDataSource": null,
        "Microsoft.VSTS.TCM.AutomationStatus": null,
        "System.History": null
      },
      "relations": null,
      "url": "https://dev.azure.com/damartinez0850/_apis/wit/workItems/703"
    },
    {
      "id": 702,
      "rev": 1,
      "fields": {
        "System.AreaPath": "$ProjectName$",
        "System.TeamProject": "$ProjectName$",
        "System.IterationPath": "$ProjectName$\\Sprint 1",
        "System.WorkItemType": "Task",
        "System.State": "Done",
        "System.Reason": "Work finished",
        "System.CreatedDate": "2019-09-27T14:56:09.373Z",
        "System.CreatedBy": "David Martinez <david.martinez@endava.com>",
        "System.ChangedDate": "2019-09-27T14:56:09.373Z",
        "System.ChangedBy": "David Martinez <david.martinez@endava.com>",
        "System.Title": "Add shipment tracking page",
        "Microsoft.VSTS.Scheduling.Effort": 0.0,
        "System.Description": null,
        "System.AssignedTo": "nmunger109@outlook.com",
        "Microsoft.VSTS.Scheduling.RemainingWork": 0.0,
        "Microsoft.VSTS.Common.Priority": 3.0,
        "System.BoardLane": null,
        "System.Tags": null,
        "Microsoft.VSTS.TCM.Steps": null,
        "Microsoft.VSTS.TCM.Parameters": null,
        "Microsoft.VSTS.TCM.LocalDataSource": null,
        "Microsoft.VSTS.TCM.AutomationStatus": null,
        "System.History": null
      },
      "relations": null,
      "url": "https://dev.azure.com/damartinez0850/_apis/wit/workItems/702"
    },
    {
      "id": 701,
      "rev": 1,
      "fields": {
        "System.AreaPath": "$ProjectName$",
        "System.TeamProject": "$ProjectName$",
        "System.IterationPath": "$ProjectName$\\Sprint 1",
        "System.WorkItemType": "Task",
        "System.State": "Done",
        "System.Reason": "Work finished",
        "System.CreatedDate": "2019-09-27T14:56:09.12Z",
        "System.CreatedBy": "David Martinez <david.martinez@endava.com>",
        "System.ChangedDate": "2019-09-27T14:56:09.12Z",
        "System.ChangedBy": "David Martinez <david.martinez@endava.com>",
        "System.Title": "Update Orders page",
        "Microsoft.VSTS.Scheduling.Effort": 0.0,
        "System.Description": "Update Orders page",
        "System.AssignedTo": "nmunger109@outlook.com",
        "Microsoft.VSTS.Scheduling.RemainingWork": 0.0,
        "Microsoft.VSTS.Common.Priority": 2.0,
        "System.BoardLane": null,
        "System.Tags": null,
        "Microsoft.VSTS.TCM.Steps": null,
        "Microsoft.VSTS.TCM.Parameters": null,
        "Microsoft.VSTS.TCM.LocalDataSource": null,
        "Microsoft.VSTS.TCM.AutomationStatus": null,
        "System.History": null
      },
      "relations": null,
      "url": "https://dev.azure.com/damartinez0850/_apis/wit/workItems/701"
    },
    {
      "id": 700,
      "rev": 1,
      "fields": {
        "System.AreaPath": "$ProjectName$",
        "System.TeamProject": "$ProjectName$",
        "System.IterationPath": "$ProjectName$\\Sprint 1",
        "System.WorkItemType": "Task",
        "System.State": "Done",
        "System.Reason": "Work finished",
        "System.CreatedDate": "2019-09-27T14:56:08.69Z",
        "System.CreatedBy": "David Martinez <david.martinez@endava.com>",
        "System.ChangedDate": "2019-09-27T14:56:08.69Z",
        "System.ChangedBy": "David Martinez <david.martinez@endava.com>",
        "System.Title": "Create Storyboard",
        "Microsoft.VSTS.Scheduling.Effort": 0.0,
        "System.Description": "Create Storyboard",
        "System.AssignedTo": "David Martinez <david.martinez@endava.com>",
        "Microsoft.VSTS.Scheduling.RemainingWork": 0.0,
        "Microsoft.VSTS.Common.Priority": 2.0,
        "System.BoardLane": null,
        "System.Tags": null,
        "Microsoft.VSTS.TCM.Steps": null,
        "Microsoft.VSTS.TCM.Parameters": null,
        "Microsoft.VSTS.TCM.LocalDataSource": null,
        "Microsoft.VSTS.TCM.AutomationStatus": null,
        "System.History": null
      },
      "relations": null,
      "url": "https://dev.azure.com/damartinez0850/_apis/wit/workItems/700"
    },
    {
      "id": 699,
      "rev": 1,
      "fields": {
        "System.AreaPath": "$ProjectName$",
        "System.TeamProject": "$ProjectName$",
        "System.IterationPath": "$ProjectName$\\Sprint 6",
        "System.WorkItemType": "Task",
        "System.State": "Done",
        "System.Reason": "Work finished",
        "System.CreatedDate": "2019-09-27T14:56:08.233Z",
        "System.CreatedBy": "David Martinez <david.martinez@endava.com>",
        "System.ChangedDate": "2019-09-27T14:56:08.233Z",
        "System.ChangedBy": "David Martinez <david.martinez@endava.com>",
        "System.Title": "Storyboard the Azure WS",
        "Microsoft.VSTS.Scheduling.Effort": 0.0,
        "System.Description": "Storyboard the Azure WS",
        "System.AssignedTo": "David Martinez <david.martinez@endava.com>",
        "Microsoft.VSTS.Scheduling.RemainingWork": 0.0,
        "Microsoft.VSTS.Common.Priority": 2.0,
        "System.BoardLane": null,
        "System.Tags": null,
        "Microsoft.VSTS.TCM.Steps": null,
        "Microsoft.VSTS.TCM.Parameters": null,
        "Microsoft.VSTS.TCM.LocalDataSource": null,
        "Microsoft.VSTS.TCM.AutomationStatus": null,
        "System.History": null
      },
      "relations": null,
      "url": "https://dev.azure.com/damartinez0850/_apis/wit/workItems/699"
    },
    {
      "id": 698,
      "rev": 1,
      "fields": {
        "System.AreaPath": "$ProjectName$",
        "System.TeamProject": "$ProjectName$",
        "System.IterationPath": "$ProjectName$\\Sprint 6",
        "System.WorkItemType": "Task",
        "System.State": "Done",
        "System.Reason": "Work finished",
        "System.CreatedDate": "2019-09-27T14:56:07.97Z",
        "System.CreatedBy": "David Martinez <david.martinez@endava.com>",
        "System.ChangedDate": "2019-09-27T14:56:07.97Z",
        "System.ChangedBy": "David Martinez <david.martinez@endava.com>",
        "System.Title": "Prototype Azure WS",
        "Microsoft.VSTS.Scheduling.Effort": 0.0,
        "System.Description": "Prototype Azure WS",
        "System.AssignedTo": "craig109@outlook.com",
        "Microsoft.VSTS.Scheduling.RemainingWork": 0.0,
        "Microsoft.VSTS.Common.Priority": 2.0,
        "System.BoardLane": null,
        "System.Tags": null,
        "Microsoft.VSTS.TCM.Steps": null,
        "Microsoft.VSTS.TCM.Parameters": null,
        "Microsoft.VSTS.TCM.LocalDataSource": null,
        "Microsoft.VSTS.TCM.AutomationStatus": null,
        "System.History": null
      },
      "relations": null,
      "url": "https://dev.azure.com/damartinez0850/_apis/wit/workItems/698"
    },
    {
      "id": 697,
      "rev": 1,
      "fields": {
        "System.AreaPath": "$ProjectName$",
        "System.TeamProject": "$ProjectName$",
        "System.IterationPath": "$ProjectName$\\Sprint 6",
        "System.WorkItemType": "Task",
        "System.State": "Done",
        "System.Reason": "Work finished",
        "System.CreatedDate": "2019-09-27T14:56:07.703Z",
        "System.CreatedBy": "David Martinez <david.martinez@endava.com>",
        "System.ChangedDate": "2019-09-27T14:56:07.703Z",
        "System.ChangedBy": "David Martinez <david.martinez@endava.com>",
        "System.Title": "Develop the logic to display geo dependent prices",
        "Microsoft.VSTS.Scheduling.Effort": 0.0,
        "System.Description": "Develop the logic to display geo dependent prices",
        "System.AssignedTo": "nmunger109@outlook.com",
        "Microsoft.VSTS.Scheduling.RemainingWork": 0.0,
        "Microsoft.VSTS.Common.Priority": 2.0,
        "System.BoardLane": null,
        "System.Tags": null,
        "Microsoft.VSTS.TCM.Steps": null,
        "Microsoft.VSTS.TCM.Parameters": null,
        "Microsoft.VSTS.TCM.LocalDataSource": null,
        "Microsoft.VSTS.TCM.AutomationStatus": null,
        "System.History": null
      },
      "relations": null,
      "url": "https://dev.azure.com/damartinez0850/_apis/wit/workItems/697"
    },
    {
      "id": 696,
      "rev": 1,
      "fields": {
        "System.AreaPath": "$ProjectName$",
        "System.TeamProject": "$ProjectName$",
        "System.IterationPath": "$ProjectName$\\Sprint 6",
        "System.WorkItemType": "Task",
        "System.State": "Done",
        "System.Reason": "Work finished",
        "System.CreatedDate": "2019-09-27T14:56:07.4Z",
        "System.CreatedBy": "David Martinez <david.martinez@endava.com>",
        "System.ChangedDate": "2019-09-27T14:56:07.4Z",
        "System.ChangedBy": "David Martinez <david.martinez@endava.com>",
        "System.Title": "Storyboard the Dashboard",
        "Microsoft.VSTS.Scheduling.Effort": 0.0,
        "System.Description": "Storyboard the Dashboard",
        "System.AssignedTo": "ckelly109@outlook.com",
        "Microsoft.VSTS.Scheduling.RemainingWork": 0.0,
        "Microsoft.VSTS.Common.Priority": 2.0,
        "System.BoardLane": null,
        "System.Tags": null,
        "Microsoft.VSTS.TCM.Steps": null,
        "Microsoft.VSTS.TCM.Parameters": null,
        "Microsoft.VSTS.TCM.LocalDataSource": null,
        "Microsoft.VSTS.TCM.AutomationStatus": null,
        "System.History": null
      },
      "relations": null,
      "url": "https://dev.azure.com/damartinez0850/_apis/wit/workItems/696"
    },
    {
      "id": 695,
      "rev": 1,
      "fields": {
        "System.AreaPath": "$ProjectName$",
        "System.TeamProject": "$ProjectName$",
        "System.IterationPath": "$ProjectName$\\Sprint 6",
        "System.WorkItemType": "Task",
        "System.State": "In Progress",
        "System.Reason": "Additional work found",
        "System.CreatedDate": "2019-09-27T14:56:07.14Z",
        "System.CreatedBy": "David Martinez <david.martinez@endava.com>",
        "System.ChangedDate": "2019-09-27T14:56:07.14Z",
        "System.ChangedBy": "David Martinez <david.martinez@endava.com>",
        "System.Title": "Create Storyboard",
        "Microsoft.VSTS.Scheduling.Effort": 0.0,
        "System.Description": "Create Storyboard that shows the customer experience of providing feedback&nbsp;",
        "System.AssignedTo": null,
        "Microsoft.VSTS.Scheduling.RemainingWork": 0.0,
        "Microsoft.VSTS.Common.Priority": 2.0,
        "System.BoardLane": null,
        "System.Tags": null,
        "Microsoft.VSTS.TCM.Steps": null,
        "Microsoft.VSTS.TCM.Parameters": null,
        "Microsoft.VSTS.TCM.LocalDataSource": null,
        "Microsoft.VSTS.TCM.AutomationStatus": null,
        "System.History": null
      },
      "relations": null,
      "url": "https://dev.azure.com/damartinez0850/_apis/wit/workItems/695"
    },
    {
      "id": 694,
      "rev": 1,
      "fields": {
        "System.AreaPath": "$ProjectName$",
        "System.TeamProject": "$ProjectName$",
        "System.IterationPath": "$ProjectName$\\Sprint 6",
        "System.WorkItemType": "Task",
        "System.State": "In Progress",
        "System.Reason": "Additional work found",
        "System.CreatedDate": "2019-09-27T14:56:06.873Z",
        "System.CreatedBy": "David Martinez <david.martinez@endava.com>",
        "System.ChangedDate": "2019-09-27T14:56:06.873Z",
        "System.ChangedBy": "David Martinez <david.martinez@endava.com>",
        "System.Title": "Design Feedback page",
        "Microsoft.VSTS.Scheduling.Effort": 0.0,
        "System.Description": "Design the UI for a feedback section/page",
        "System.AssignedTo": null,
        "Microsoft.VSTS.Scheduling.RemainingWork": 0.0,
        "Microsoft.VSTS.Common.Priority": 2.0,
        "System.BoardLane": null,
        "System.Tags": null,
        "Microsoft.VSTS.TCM.Steps": null,
        "Microsoft.VSTS.TCM.Parameters": null,
        "Microsoft.VSTS.TCM.LocalDataSource": null,
        "Microsoft.VSTS.TCM.AutomationStatus": null,
        "System.History": null
      },
      "relations": null,
      "url": "https://dev.azure.com/damartinez0850/_apis/wit/workItems/694"
    },
    {
      "id": 693,
      "rev": 1,
      "fields": {
        "System.AreaPath": "$ProjectName$",
        "System.TeamProject": "$ProjectName$",
        "System.IterationPath": "$ProjectName$\\Sprint 6",
        "System.WorkItemType": "Task",
        "System.State": "In Progress",
        "System.Reason": "Additional work found",
        "System.CreatedDate": "2019-09-27T14:56:06.6Z",
        "System.CreatedBy": "David Martinez <david.martinez@endava.com>",
        "System.ChangedDate": "2019-09-27T14:56:06.6Z",
        "System.ChangedBy": "David Martinez <david.martinez@endava.com>",
        "System.Title": "Update price changes to unfinished orders",
        "Microsoft.VSTS.Scheduling.Effort": 0.0,
        "System.Description": null,
        "System.AssignedTo": null,
        "Microsoft.VSTS.Scheduling.RemainingWork": 0.0,
        "Microsoft.VSTS.Common.Priority": 2.0,
        "System.BoardLane": null,
        "System.Tags": null,
        "Microsoft.VSTS.TCM.Steps": null,
        "Microsoft.VSTS.TCM.Parameters": null,
        "Microsoft.VSTS.TCM.LocalDataSource": null,
        "Microsoft.VSTS.TCM.AutomationStatus": null,
        "System.History": null
      },
      "relations": null,
      "url": "https://dev.azure.com/damartinez0850/_apis/wit/workItems/693"
    },
    {
      "id": 692,
      "rev": 1,
      "fields": {
        "System.AreaPath": "$ProjectName$",
        "System.TeamProject": "$ProjectName$",
        "System.IterationPath": "$ProjectName$\\Sprint 6",
        "System.WorkItemType": "Task",
        "System.State": "In Progress",
        "System.Reason": "Additional work found",
        "System.CreatedDate": "2019-09-27T14:56:06.07Z",
        "System.CreatedBy": "David Martinez <david.martinez@endava.com>",
        "System.ChangedDate": "2019-09-27T14:56:06.07Z",
        "System.ChangedBy": "David Martinez <david.martinez@endava.com>",
        "System.Title": "Display price change in the product section",
        "Microsoft.VSTS.Scheduling.Effort": 0.0,
        "System.Description": "The price change for a product should be displayed with a proper graphic depending on whether the price increase or decrease",
        "System.AssignedTo": null,
        "Microsoft.VSTS.Scheduling.RemainingWork": 0.0,
        "Microsoft.VSTS.Common.Priority": 2.0,
        "System.BoardLane": null,
        "System.Tags": null,
        "Microsoft.VSTS.TCM.Steps": null,
        "Microsoft.VSTS.TCM.Parameters": null,
        "Microsoft.VSTS.TCM.LocalDataSource": null,
        "Microsoft.VSTS.TCM.AutomationStatus": null,
        "System.History": null
      },
      "relations": null,
      "url": "https://dev.azure.com/damartinez0850/_apis/wit/workItems/692"
    },
    {
      "id": 691,
      "rev": 1,
      "fields": {
        "System.AreaPath": "$ProjectName$",
        "System.TeamProject": "$ProjectName$",
        "System.IterationPath": "$ProjectName$\\Sprint 2",
        "System.WorkItemType": "Task",
        "System.State": "In Progress",
        "System.Reason": "Work started",
        "System.CreatedDate": "2019-09-27T14:56:05.583Z",
        "System.CreatedBy": "David Martinez <david.martinez@endava.com>",
        "System.ChangedDate": "2019-09-27T14:56:05.583Z",
        "System.ChangedBy": "David Martinez <david.martinez@endava.com>",
        "System.Title": "Add wishlist page",
        "Microsoft.VSTS.Scheduling.Effort": 0.0,
        "System.Description": null,
        "System.AssignedTo": null,
        "Microsoft.VSTS.Scheduling.RemainingWork": 8.0,
        "Microsoft.VSTS.Common.Priority": 2.0,
        "System.BoardLane": null,
        "System.Tags": null,
        "Microsoft.VSTS.TCM.Steps": null,
        "Microsoft.VSTS.TCM.Parameters": null,
        "Microsoft.VSTS.TCM.LocalDataSource": null,
        "Microsoft.VSTS.TCM.AutomationStatus": null,
        "System.History": null
      },
      "relations": null,
      "url": "https://dev.azure.com/damartinez0850/_apis/wit/workItems/691"
    },
    {
      "id": 690,
      "rev": 1,
      "fields": {
        "System.AreaPath": "$ProjectName$",
        "System.TeamProject": "$ProjectName$",
        "System.IterationPath": "$ProjectName$\\Sprint 6",
        "System.WorkItemType": "Task",
        "System.State": "In Progress",
        "System.Reason": "Additional work found",
        "System.CreatedDate": "2019-09-27T14:56:04.81Z",
        "System.CreatedBy": "David Martinez <david.martinez@endava.com>",
        "System.ChangedDate": "2019-09-27T14:56:04.81Z",
        "System.ChangedBy": "David Martinez <david.martinez@endava.com>",
        "System.Title": "Approval for price change",
        "Microsoft.VSTS.Scheduling.Effort": 0.0,
        "System.Description": null,
        "System.AssignedTo": null,
        "Microsoft.VSTS.Scheduling.RemainingWork": 0.0,
        "Microsoft.VSTS.Common.Priority": 3.0,
        "System.BoardLane": null,
        "System.Tags": null,
        "Microsoft.VSTS.TCM.Steps": null,
        "Microsoft.VSTS.TCM.Parameters": null,
        "Microsoft.VSTS.TCM.LocalDataSource": null,
        "Microsoft.VSTS.TCM.AutomationStatus": null,
        "System.History": null
      },
      "relations": null,
      "url": "https://dev.azure.com/damartinez0850/_apis/wit/workItems/690"
    },
    {
      "id": 689,
      "rev": 1,
      "fields": {
        "System.AreaPath": "$ProjectName$",
        "System.TeamProject": "$ProjectName$",
        "System.IterationPath": "$ProjectName$\\Sprint 6",
        "System.WorkItemType": "Task",
        "System.State": "In Progress",
        "System.Reason": "Work started",
        "System.CreatedDate": "2019-09-27T14:56:04.52Z",
        "System.CreatedBy": "David Martinez <david.martinez@endava.com>",
        "System.ChangedDate": "2019-09-27T14:56:04.52Z",
        "System.ChangedBy": "David Martinez <david.martinez@endava.com>",
        "System.Title": "Trial CD in staging",
        "Microsoft.VSTS.Scheduling.Effort": 0.0,
        "System.Description": "Trial CD in staging",
        "System.AssignedTo": null,
        "Microsoft.VSTS.Scheduling.RemainingWork": 0.0,
        "Microsoft.VSTS.Common.Priority": 2.0,
        "System.BoardLane": null,
        "System.Tags": null,
        "Microsoft.VSTS.TCM.Steps": null,
        "Microsoft.VSTS.TCM.Parameters": null,
        "Microsoft.VSTS.TCM.LocalDataSource": null,
        "Microsoft.VSTS.TCM.AutomationStatus": null,
        "System.History": null
      },
      "relations": null,
      "url": "https://dev.azure.com/damartinez0850/_apis/wit/workItems/689"
    },
    {
      "id": 688,
      "rev": 2,
      "fields": {
        "System.AreaPath": "$ProjectName$",
        "System.TeamProject": "$ProjectName$",
        "System.IterationPath": "$ProjectName$\\Sprint 4",
        "System.WorkItemType": "Task",
        "System.State": "To Do",
        "System.Reason": "New task",
        "System.CreatedDate": "2019-09-27T14:56:03.903Z",
        "System.CreatedBy": "David Martinez <david.martinez@endava.com>",
        "System.ChangedDate": "2019-09-27T14:56:37.543Z",
        "System.ChangedBy": "David Martinez <david.martinez@endava.com>",
        "System.Title": "Add Terms and Conditions for Sale & Support in Layout.cshtml Page",
        "Microsoft.VSTS.Scheduling.Effort": 0.0,
        "System.Description": "Add Terms and Conditions for Sale &amp; Support in Layout.cshtml Page",
        "System.AssignedTo": null,
        "Microsoft.VSTS.Scheduling.RemainingWork": 0.0,
        "Microsoft.VSTS.Common.Priority": 2.0,
        "System.BoardLane": null,
        "System.Tags": null,
        "Microsoft.VSTS.TCM.Steps": null,
        "Microsoft.VSTS.TCM.Parameters": null,
        "Microsoft.VSTS.TCM.LocalDataSource": null,
        "Microsoft.VSTS.TCM.AutomationStatus": null,
        "System.History": null
      },
      "relations": [
        {
          "rel": "ArtifactLink",
          "url": "vstfs:///Git/PullRequestId/fd449ca4-82e8-4f47-8f55-08ce1aca06a6%2F219a06ff-6f1e-4e6e-8cbf-8d260df91fdb%2F7",
          "attributes": {
            "authorizedDate": "2019-09-27T14:56:37.543Z",
            "id": "3495239",
            "resourceCreatedDate": "2019-09-27T14:56:37.543Z",
            "resourceModifiedDate": "2019-09-27T14:56:37.543Z",
            "revisedDate": "9999-01-01T00:00:00Z",
            "name": "Pull Request"
          }
        }
      ],
      "url": "https://dev.azure.com/damartinez0850/_apis/wit/workItems/688"
    },
    {
      "id": 687,
      "rev": 1,
      "fields": {
        "System.AreaPath": "$ProjectName$",
        "System.TeamProject": "$ProjectName$",
        "System.IterationPath": "$ProjectName$\\Sprint 2",
        "System.WorkItemType": "Task",
        "System.State": "To Do",
        "System.Reason": "New task",
        "System.CreatedDate": "2019-09-27T14:56:03.627Z",
        "System.CreatedBy": "David Martinez <david.martinez@endava.com>",
        "System.ChangedDate": "2019-09-27T14:56:03.627Z",
        "System.ChangedBy": "David Martinez <david.martinez@endava.com>",
        "System.Title": "Update product selection section to move items to wishlist",
        "Microsoft.VSTS.Scheduling.Effort": 0.0,
        "System.Description": "Automation to include creation of the SQL DB on Azure",
        "System.AssignedTo": null,
        "Microsoft.VSTS.Scheduling.RemainingWork": 12.0,
        "Microsoft.VSTS.Common.Priority": 2.0,
        "System.BoardLane": null,
        "System.Tags": null,
        "Microsoft.VSTS.TCM.Steps": null,
        "Microsoft.VSTS.TCM.Parameters": null,
        "Microsoft.VSTS.TCM.LocalDataSource": null,
        "Microsoft.VSTS.TCM.AutomationStatus": null,
        "System.History": null
      },
      "relations": null,
      "url": "https://dev.azure.com/damartinez0850/_apis/wit/workItems/687"
    },
    {
      "id": 686,
      "rev": 1,
      "fields": {
        "System.AreaPath": "$ProjectName$",
        "System.TeamProject": "$ProjectName$",
        "System.IterationPath": "$ProjectName$\\Sprint 6",
        "System.WorkItemType": "Task",
        "System.State": "To Do",
        "System.Reason": "New task",
        "System.CreatedDate": "2019-09-27T14:56:03.237Z",
        "System.CreatedBy": "David Martinez <david.martinez@endava.com>",
        "System.ChangedDate": "2019-09-27T14:56:03.237Z",
        "System.ChangedBy": "David Martinez <david.martinez@endava.com>",
        "System.Title": "Check new pricing for lights, brakes and wheels",
        "Microsoft.VSTS.Scheduling.Effort": 0.0,
        "System.Description": "Check new pricing for lights, brakes and wheels",
        "System.AssignedTo": null,
        "Microsoft.VSTS.Scheduling.RemainingWork": 3.0,
        "Microsoft.VSTS.Common.Priority": 2.0,
        "System.BoardLane": null,
        "System.Tags": null,
        "Microsoft.VSTS.TCM.Steps": null,
        "Microsoft.VSTS.TCM.Parameters": null,
        "Microsoft.VSTS.TCM.LocalDataSource": null,
        "Microsoft.VSTS.TCM.AutomationStatus": null,
        "System.History": null
      },
      "relations": null,
      "url": "https://dev.azure.com/damartinez0850/_apis/wit/workItems/686"
    },
    {
      "id": 685,
      "rev": 1,
      "fields": {
        "System.AreaPath": "$ProjectName$",
        "System.TeamProject": "$ProjectName$",
        "System.IterationPath": "$ProjectName$\\Sprint 6",
        "System.WorkItemType": "Task",
        "System.State": "To Do",
        "System.Reason": "New task",
        "System.CreatedDate": "2019-09-27T14:56:02.91Z",
        "System.CreatedBy": "David Martinez <david.martinez@endava.com>",
        "System.ChangedDate": "2019-09-27T14:56:02.91Z",
        "System.ChangedBy": "David Martinez <david.martinez@endava.com>",
        "System.Title": "Develop the logic to display geo dependent prices",
        "Microsoft.VSTS.Scheduling.Effort": 0.0,
        "System.Description": "Develop the logic to display geo dependent prices",
        "System.AssignedTo": null,
        "Microsoft.VSTS.Scheduling.RemainingWork": 5.0,
        "Microsoft.VSTS.Common.Priority": 2.0,
        "System.BoardLane": null,
        "System.Tags": null,
        "Microsoft.VSTS.TCM.Steps": null,
        "Microsoft.VSTS.TCM.Parameters": null,
        "Microsoft.VSTS.TCM.LocalDataSource": null,
        "Microsoft.VSTS.TCM.AutomationStatus": null,
        "System.History": null
      },
      "relations": null,
      "url": "https://dev.azure.com/damartinez0850/_apis/wit/workItems/685"
    },
    {
      "id": 684,
      "rev": 1,
      "fields": {
        "System.AreaPath": "$ProjectName$",
        "System.TeamProject": "$ProjectName$",
        "System.IterationPath": "$ProjectName$\\Sprint 6",
        "System.WorkItemType": "Task",
        "System.State": "To Do",
        "System.Reason": "New task",
        "System.CreatedDate": "2019-09-27T14:56:02.653Z",
        "System.CreatedBy": "David Martinez <david.martinez@endava.com>",
        "System.ChangedDate": "2019-09-27T14:56:02.653Z",
        "System.ChangedBy": "David Martinez <david.martinez@endava.com>",
        "System.Title": "Update the prices on web pages",
        "Microsoft.VSTS.Scheduling.Effort": 0.0,
        "System.Description": "Update the prices on web pages",
        "System.AssignedTo": null,
        "Microsoft.VSTS.Scheduling.RemainingWork": 8.0,
        "Microsoft.VSTS.Common.Priority": 2.0,
        "System.BoardLane": null,
        "System.Tags": null,
        "Microsoft.VSTS.TCM.Steps": null,
        "Microsoft.VSTS.TCM.Parameters": null,
        "Microsoft.VSTS.TCM.LocalDataSource": null,
        "Microsoft.VSTS.TCM.AutomationStatus": null,
        "System.History": null
      },
      "relations": null,
      "url": "https://dev.azure.com/damartinez0850/_apis/wit/workItems/684"
    },
    {
      "id": 683,
      "rev": 1,
      "fields": {
        "System.AreaPath": "$ProjectName$",
        "System.TeamProject": "$ProjectName$",
        "System.IterationPath": "$ProjectName$\\Sprint 6",
        "System.WorkItemType": "Task",
        "System.State": "To Do",
        "System.Reason": "New task",
        "System.CreatedDate": "2019-09-27T14:56:02.397Z",
        "System.CreatedBy": "David Martinez <david.martinez@endava.com>",
        "System.ChangedDate": "2019-09-27T14:56:02.397Z",
        "System.ChangedBy": "David Martinez <david.martinez@endava.com>",
        "System.Title": "testzzz",
        "Microsoft.VSTS.Scheduling.Effort": 0.0,
        "System.Description": "testzzz",
        "System.AssignedTo": null,
        "Microsoft.VSTS.Scheduling.RemainingWork": 0.0,
        "Microsoft.VSTS.Common.Priority": 2.0,
        "System.BoardLane": null,
        "System.Tags": null,
        "Microsoft.VSTS.TCM.Steps": null,
        "Microsoft.VSTS.TCM.Parameters": null,
        "Microsoft.VSTS.TCM.LocalDataSource": null,
        "Microsoft.VSTS.TCM.AutomationStatus": null,
        "System.History": null
      },
      "relations": null,
      "url": "https://dev.azure.com/damartinez0850/_apis/wit/workItems/683"
    },
    {
      "id": 682,
      "rev": 1,
      "fields": {
        "System.AreaPath": "$ProjectName$",
        "System.TeamProject": "$ProjectName$",
        "System.IterationPath": "$ProjectName$\\Sprint 3",
        "System.WorkItemType": "Task",
        "System.State": "To Do",
        "System.Reason": "New task",
        "System.CreatedDate": "2019-09-27T14:56:02.14Z",
        "System.CreatedBy": "David Martinez <david.martinez@endava.com>",
        "System.ChangedDate": "2019-09-27T14:56:02.14Z",
        "System.ChangedBy": "David Martinez <david.martinez@endava.com>",
        "System.Title": "Be sure and include a dark theme",
        "Microsoft.VSTS.Scheduling.Effort": 0.0,
        "System.Description": "Be sure and include a dark theme",
        "System.AssignedTo": null,
        "Microsoft.VSTS.Scheduling.RemainingWork": 0.0,
        "Microsoft.VSTS.Common.Priority": 2.0,
        "System.BoardLane": null,
        "System.Tags": null,
        "Microsoft.VSTS.TCM.Steps": null,
        "Microsoft.VSTS.TCM.Parameters": null,
        "Microsoft.VSTS.TCM.LocalDataSource": null,
        "Microsoft.VSTS.TCM.AutomationStatus": null,
        "System.History": null
      },
      "relations": null,
      "url": "https://dev.azure.com/damartinez0850/_apis/wit/workItems/682"
    },
    {
      "id": 681,
      "rev": 1,
      "fields": {
        "System.AreaPath": "$ProjectName$",
        "System.TeamProject": "$ProjectName$",
        "System.IterationPath": "$ProjectName$\\Sprint 3",
        "System.WorkItemType": "Task",
        "System.State": "To Do",
        "System.Reason": "New task",
        "System.CreatedDate": "2019-09-27T14:56:01.887Z",
        "System.CreatedBy": "David Martinez <david.martinez@endava.com>",
        "System.ChangedDate": "2019-09-27T14:56:01.887Z",
        "System.ChangedBy": "David Martinez <david.martinez@endava.com>",
        "System.Title": "New bug",
        "Microsoft.VSTS.Scheduling.Effort": 0.0,
        "System.Description": "New bug",
        "System.AssignedTo": null,
        "Microsoft.VSTS.Scheduling.RemainingWork": 0.0,
        "Microsoft.VSTS.Common.Priority": 2.0,
        "System.BoardLane": null,
        "System.Tags": null,
        "Microsoft.VSTS.TCM.Steps": null,
        "Microsoft.VSTS.TCM.Parameters": null,
        "Microsoft.VSTS.TCM.LocalDataSource": null,
        "Microsoft.VSTS.TCM.AutomationStatus": null,
        "System.History": null
      },
      "relations": null,
      "url": "https://dev.azure.com/damartinez0850/_apis/wit/workItems/681"
    },
    {
      "id": 680,
      "rev": 1,
      "fields": {
        "System.AreaPath": "$ProjectName$",
        "System.TeamProject": "$ProjectName$",
        "System.IterationPath": "$ProjectName$\\Sprint 3",
        "System.WorkItemType": "Task",
        "System.State": "To Do",
        "System.Reason": "New task",
        "System.CreatedDate": "2019-09-27T14:56:01.61Z",
        "System.CreatedBy": "David Martinez <david.martinez@endava.com>",
        "System.ChangedDate": "2019-09-27T14:56:01.61Z",
        "System.ChangedBy": "David Martinez <david.martinez@endava.com>",
        "System.Title": "Add categories",
        "Microsoft.VSTS.Scheduling.Effort": 0.0,
        "System.Description": "Add categories",
        "System.AssignedTo": null,
        "Microsoft.VSTS.Scheduling.RemainingWork": 0.0,
        "Microsoft.VSTS.Common.Priority": 2.0,
        "System.BoardLane": null,
        "System.Tags": null,
        "Microsoft.VSTS.TCM.Steps": null,
        "Microsoft.VSTS.TCM.Parameters": null,
        "Microsoft.VSTS.TCM.LocalDataSource": null,
        "Microsoft.VSTS.TCM.AutomationStatus": null,
        "System.History": null
      },
      "relations": null,
      "url": "https://dev.azure.com/damartinez0850/_apis/wit/workItems/680"
    },
    {
      "id": 679,
      "rev": 1,
      "fields": {
        "System.AreaPath": "$ProjectName$",
        "System.TeamProject": "$ProjectName$",
        "System.IterationPath": "$ProjectName$\\Sprint 3",
        "System.WorkItemType": "Task",
        "System.State": "To Do",
        "System.Reason": "New task",
        "System.CreatedDate": "2019-09-27T14:56:01.35Z",
        "System.CreatedBy": "David Martinez <david.martinez@endava.com>",
        "System.ChangedDate": "2019-09-27T14:56:01.35Z",
        "System.ChangedBy": "David Martinez <david.martinez@endava.com>",
        "System.Title": "Update navigation",
        "Microsoft.VSTS.Scheduling.Effort": 0.0,
        "System.Description": "Update navigation",
        "System.AssignedTo": null,
        "Microsoft.VSTS.Scheduling.RemainingWork": 0.0,
        "Microsoft.VSTS.Common.Priority": 2.0,
        "System.BoardLane": null,
        "System.Tags": null,
        "Microsoft.VSTS.TCM.Steps": null,
        "Microsoft.VSTS.TCM.Parameters": null,
        "Microsoft.VSTS.TCM.LocalDataSource": null,
        "Microsoft.VSTS.TCM.AutomationStatus": null,
        "System.History": null
      },
      "relations": null,
      "url": "https://dev.azure.com/damartinez0850/_apis/wit/workItems/679"
    }
  ],
  "HttpStatusCode": 0,
  "Message": null
}